user;Waktu;Sentimen;lokasi;komentar
Nazziruddin Niam;setahun lalu;Negatif;pantai lombang;jauh2 dari nganjuk jawa timur ke pantai ini.. overall cukup oke, tapi kurang fasilitas dan jalan ke lokasi kurang bagus... …
Sultan Iskandar Dinata;setahun lalu;Negatif;pantai lombang;Pantainya bagus tapi masih kotor dengan berbagai bungkusnya makanan instan, seperti popmie dll, penerapan jangan buang sampah semberangan masih minim, pengunjung dengan se enaknya buang sampah di pinggir pantai.
Triza Agus Rynaldi;setahun lalu;Positif;pantai lombang;Pantai masih terbilang bersih, berkunjung saat pertengahan minggu jadi tdk terlalu ramai. Lebih nyaman utk bisa kumpul dgn keluarga. …
Prap To;setahun lalu;Positif;pantai lombang;suasana laut tenang dengan hamparan pasir putih serta hijaunya pepohonan cemara udang... aman buat anak2 mandi....
TNC Media;setahun lalu;Negatif;pantai lombang;"Destinasi wajib yg harus dikunjungi jika ke Sumenep,
Mohon sampahnya utk dikontrol secara proaktif tiap waktu"
Scorpion 08;setahun lalu;Positif;pantai lombang;Pantai indah dengan pasir coklat emas dan rindangnya pohon Cemara
herlina mega;setahun lalu;Positif;pantai lombang;Tempat bagus dan lumayan bersih air juga bersih.. Tapi parkiran agak jauh
Belva Kynan;setahun lalu;Negatif;pantai lombang;Pantainya bersih bebas sampah tapi sayangnya akses jalan menuju pantai rusakk dan kurag memadai semapt kesasar wktu pkek google maps kwkwk
Firgiawan Achmad;setahun lalu;Positif;pantai lombang;"Tempatnya bagus
Sayang waktu kesana hujan ga reda2 sampai banjir"
Masternya Martabak;setahun lalu;Positif;pantai lombang;Cukup seru lokasinya apalagi dibuat santai bersama kelrg besar ... MantaBBBak
JAGRA Channel;setahun lalu;Positif;pantai lombang;Pantai bersih dari sampah, sepanjang jalur menuju pantai kita di suguhkan pemandangan pohon bonsai cemara udang. Pemandangan pantai pulau jawa sangat bagus, ombak tidak besar, jadi aman untuk bermain.
Roby Arianes;setahun lalu;Positif;pantai lombang;Ombak landai,, cocok untuk wisata
andria wijayanto;setahun lalu;Positif;pantai lombang;Bagus, cuma kurang terawat
Oki k;setahun lalu;Positif;pantai lombang;Pernah kesana dulu 2014,, pengin kesana lagi,
Yustinus Saputra;setahun lalu;Negatif;pantai lombang;Pasir putih, panjang, cuma ada saluran air ke pantai n tdk bersih. Kurang perawatan... pdhal kena tiket masuk yg lumayan. Tapi pembangunan fasilitas umumnya kurang baik....
marchiano anselmus;setahun lalu;Negatif;pantai lombang;"Lokasinya jorok dan kotor.
Karena ada beberapa ekor kuda yang untuk foto foto pengunjung"
Fathor Rozi;setahun lalu;Negatif;pantai lombang;Pantai nya bersih..namun sayang kurang perawatan.. gazebo nya bocor dan banyak genteng lepas
MUNASA MUNASA;setahun lalu;Positif;pantai lombang;Garis pantai luas dan panjang,  ombak tenang, banyak pohon cemara
Mohammad Zulkarnain;setahun lalu;Positif;pantai lombang;Pantai terpanjang dengan pasir putih di sumenep madura
Ana Aja;setahun lalu;Positif;pantai lombang;Tempatnya bagus wisatanya itu sejuk gitu loh pengunjungnya ramai
FARIKA LUTHFIANA;setahun lalu;Positif;pantai lombang;"Pantai nya cukup indah lihat review nya di channel yutub kami ""Positive Vibes Indonesia"""
Don SR Muakkat;setahun lalu;Positif;pantai lombang;Pantainya bagus, hanya kurang pengelolaannya saja
iiLaa Laa;setahun lalu;Positif;pantai lombang;Pantainya bagus tp perjalanannya jauh ?? …
Yuri Basuki;setahun lalu;Positif;pantai lombang;Pantai yang sangat indah, sayang banyak sampahnya
Udin Samsudin;setahun lalu;Positif;pantai lombang;pemandanga sangat indah mempesona
El Wajh;setahun lalu;Positif;pantai lombang;Pantai legendaris di Kabupaten Sumenep
Farid Wajidi;setahun lalu;Positif;pantai lombang;Luas dan sejuk sangat menyenangkan.
rinta kusnia;setahun lalu;Positif;pantai lombang;Selalu ramai saat libur lebaran
Galih Aby;setahun lalu;Positif;pantai lombang;Tempat rekreasi yang sangat cocok
Abdul Qodir Assya'roni;setahun lalu;Positif;pantai lombang;Mantab bngt tiada duanya.
Khatib Syarbaini Husni;setahun lalu;Positif;pantai lombang;Seruuu
Prihatin Tri jauhari;setahun lalu;Positif;pantai lombang;Bagussss bersih
Notaris&PPAT INAYAH;setahun lalu;Positif;pantai lombang;Bagus
Mas Rudof;setahun lalu;Positif;pantai lombang;Sangat mempesona
Yuda Kurniawan;setahun lalu;Positif;pantai lombang;Pantai cantik di Sumenep
Lampu Fatah;setahun lalu;Positif;pantai lombang;Alami
KD. vino;setahun lalu;Positif;pantai lombang;Lombang top
Kanan Kiri;setahun lalu;Negatif;pantai lombang;Ya tidak apa-apa, hanya saja kurangnya kesadaran untuk membuang sampah pada tempatnya
Hikmah Widiya;setahun lalu;Positif;pantai lombang;Pantai Lombang sangat indah
arifiyanto hadinegoro;setahun lalu;Positif;pantai lombang;pantai terbaik di sumenep madura
Bara Boge;setahun lalu;Positif;pantai lombang;Tempat berkemah
David Wahyuono;setahun lalu;Positif;pantai lombang;Banyak pengunjung
Maulana Syarif (Bob.ms);setahun lalu;Positif;pantai lombang;Kerreennn
Amer Dexelo;setahun lalu;Positif;pantai lombang;Bagus
Anisah Fikri;seminggu lalu;Positif;pantai lombang;Pantainya cantik bagus bnyk pohon cemara udangnya ?????? …
Electronical Fullreness;9 bulan lalu;Positif;pantai lombang;Kalau mau kesini sebaiknya datang di pertengahan tahun, antara April - Juli. Sebab selain matahari terbenam dan terbit lebih condong ke Utara, ombaknya juga paling tenang di pertengahan tahun.
FYan sajah;9 bulan lalu;Negatif;pantai lombang;Suasana dan kondisi pantai tidak sesuai dengan tiket masuk
mah rodin;9 bulan lalu;Positif;pantai lombang;Bisa untuk santai
Roni Prayibno;9 bulan lalu;Positif;pantai lombang;Tempat nyaman
SIR channel;9 bulan lalu;Positif;pantai lombang;Momen indah
REANITA PUTRI ARDANA;8 bulan lalu;Positif;pantai lombang;Pantainya bersih
ALFIAN DARMAWAN;8 bulan lalu;Negatif;pantai lombang;Sudah sepi tidak seperti dulu, banyak sampah
nrlef_;7 bulan lalu;Positif;pantai lombang;Seru
Axl Dylan Laksono;7 bulan lalu;Positif;pantai lombang;Uapikkk
rozzy rezza;6 bulan lalu;Positif;pantai lombang;Senang sekali bisa Turing keee sini
Faishal Aushafy;5 tahun lalu;Positif;pantai lombang;"Berkunjung ke Pantai Lombang bersama keluarga besar.
Akses tidak terlalu sulit,
Kondisi pantainya sangat bagus, pasir putih, banyak pepohonan, jalan.menuju …"
DJoko WE;5 tahun lalu;Positif;pantai lombang;Pantai nya lumayan bagus,  pasir putih. Banyak pohon cemara.  Fasilitas antara lain toilet,  mushala,  tempat kuliner, gasibo untuk duduk2. Dari Kota Sumenep menuju lokasi lumayan jauh,  sekitar 1 jam perjalanan darat.
Tantowi Ahmad;5 tahun lalu;Positif;pantai lombang;pantai berpasir putih yang asri, sejuk rindang hutan cemara udang. bagi pengunjung yang ingin jalan jalan sepanjang pantai dengan berkuda disediakan fasilitasnya. tersedia musholla yang cukup besar, mck, pujasera dan fasilitas lain. harga …
RIZTU BASITH;5 tahun lalu;Positif;pantai lombang;Wenak untuk refreshing dg keluarga tercinta d pantai yg Indah
Avid Anjala;5 tahun lalu;Positif;pantai lombang;pantai bersih, indah nyaman dengan Ombak yang tenang. cocok untuk mengajak keluarga utamanya anak kecil
yurike ferdiyanti;5 tahun lalu;Positif;pantai lombang;"Pantai yang indah dan tidak membosankan tetapi kalau bisa wahana permainan anak"", diperbaiki. Karena banyak ayunan yg udah rusak atau mau patah"
Ronny Hidayat;5 tahun lalu;Positif;pantai lombang;Pantai dengan garis pantai yg panjang, berair jernih & berpasir kuning
Dwi Puspita Nurmalinda;5 tahun lalu;Positif;pantai lombang;Tempatnua keren abizzz...pasirnya putih bersih halus, cemara udangnya banyak, kuliner banyak, parkiran luas, pantainya biru bersih... cantik pokoknya
Adam Taufan;5 tahun lalu;Positif;pantai lombang;Pantainya bersih view laut lepasnya oke banget. Tempat parkirnya luas dan tiket masuknya cuma 5000 rupiah saja. Cocok untuk wisata keluarga. Dan jangan lupa kalau kesini bawa kaca mata hitam supaya tidak silau.
Tri Junaedi Sabri;5 tahun lalu;Positif;pantai lombang;Pantai lombang ini merupakan pantai yang langka karena di pantai ini di tumbuhi pohon cemara udang yang hanya ada 2 tempat di dunia. Kelemahan pantai ini minimnya fasilitas umum seperti toilet yang bersih. Toilet di pantai ini cuman satu dan itupun ndak bersih. Smoga segera ada fasilitas toilet yang bersih.
Yudah Oktovia;5 tahun lalu;Negatif;pantai lombang;Cuacanya lumayan panas, tapi banyak pohon yang cukup rimbun untuk berteduh, banyak kotoran kuda yang berserakan di pasir sangat mengganggu, sebenarnya pasirnya sudah bersih.
fadel abu aufa;5 tahun lalu;Positif;pantai lombang;Pantai lombang ada di sisi utara pulau madura, tepatnya di desa lombang kecamatan batang-batang sumenep, suasana sangat mendukung bagi yg ingin liburan, mau naik kuda cukup bayar 10,000, kalo berdua 15.000 tiket masuk wisata. 2.000 perorang cukup murah kan
stefhanus roberth;5 tahun lalu;Positif;pantai lombang;"Top abis
Gak rugi jau jau dari malang hanya kesini
Apik poll pokok e banyak pohon cemaranya juga"
Qori Rugaiyah;5 tahun lalu;Positif;pantai lombang;Tempatnya sangat indah dan bagus untuk refreshing dg keluarga
Erwin Brewok;5 tahun lalu;Positif;pantai lombang;Pantai yg d kelilingin pohon Cemara yg bikin rindang sejuk
PAK CUBIT;5 tahun lalu;Positif;pantai lombang;Tempat yang eksotis dan cocok untuk rekreasi bersama keluargam. Pasir putih yang luas dan cemara udang yang unik.
Madura Vacation;5 tahun lalu;Negatif;pantai lombang;Sangat di sayangkan, kiri jalan sebelum masuk ke pantai lombang berdiri tambak entah tambak ikan atau tambak ikan....?
Denny Christian;5 tahun lalu;Positif;pantai lombang;Tempat yg cozy bgt
Bang Olee;5 tahun lalu;Positif;pantai lombang;Pantainya bersih dan nyaman  banyak cemaranya tapi akses jalannya sedikit rusak pas masuk, hanya sedikit
yopie franz;5 tahun lalu;Positif;pantai lombang;Pantai yang cantik,  menjadi pantai yang ramai dikunjungi warga Sumenep dan Madura pada umumnya. …
Ubaidillah;5 tahun lalu;Positif;pantai lombang;"Pantai yang asyik vuat bawa keluarga... saya sukanya dateng sore pkl 3an sambil nunggu sunset..
Harga Makannya juga ramah banget di kantong... …"
Eko Wahyudi;5 tahun lalu;Positif;pantai lombang;Keren banget pantainya....
JOWO ReomiT;5 tahun lalu;Positif;pantai lombang;"Keren bingit, recommended untuk jlan"", bule juga kesana lo"
Oki Taruna Dewangga;5 tahun lalu;Positif;pantai lombang;Pantai dengan pasir putih yg panjang banget banyak tempat berteduh dibawah pohon cemara top markotop
Khairul Anwar;5 tahun lalu;Positif;pantai lombang;Tempat duduknya banyak dan bagus, pantainya juga bersih.  Disini juga ada kuda bagi yang hobi berkuda.
Hari Yanto;5 tahun lalu;Positif;pantai lombang;Menikmati indahnya pantai dan pohon cemara udangnya
Alfira Dian Evitarinda;5 tahun lalu;Positif;pantai lombang;Pemandangan pantai nya bagus... Bersih... Pokonya happy bngt dsna
Erik El Bahri;5 tahun lalu;Positif;pantai lombang;Seru Banget di festival ketupat di pantai lombeng
Fha Aroohy;5 tahun lalu;Positif;pantai lombang;Pantai lombang juga menyediakan kuda yg bisa kita tunggangi sepanjang pantai ini
Thino Bagus;5 tahun lalu;Positif;pantai lombang;Masih sepi..warna pasir juga unik...cocok utk pecinta ketenangan..sayang tidak ada penginapan d sekitar sini..
Dewi Murdayanti Puspitaningsih;5 tahun lalu;Positif;pantai lombang;Sangat cantik, minus air tidak bening/biru lagi, banyak pohon cemara jadi tidak panas, pendopo juga banyak, makan dan minuman disana sangat murah, worth it
surya patria;5 tahun lalu;Positif;pantai lombang;Pantainya masih alami
Fr Junior;5 tahun lalu;Positif;pantai lombang;"Pantai lombang adalah pantai pasir putih yang di hiasi dengan pohon cemara udang yang indah dan elok
#visitsumenep
#wonderful indonesia"
totok irfandi;5 tahun lalu;Positif;pantai lombang;pantai ujung timur madura berpagar cemara udang
masyrifatul jannah;5 tahun lalu;Positif;pantai lombang;Pantainya masih bagus, sarana dan prasarana perlu dilengkapi
Salmiyatun Yusma;5 tahun lalu;Positif;pantai lombang;Wisata pantai yang sangat menyenangkan,,  selain keindahan yang dikelilingi cemara udangnya pas banget untuk liburan bareng keluarga
Krisdiyanso Cahyono;5 tahun lalu;Positif;pantai lombang;Luar Biasa, refresing bersama keluarga
Ipung Febianto;5 tahun lalu;Positif;pantai lombang;Tempatnya Bagus....jalannya juga lumayan baik
mahdus abrori;5 tahun lalu;Positif;pantai lombang;Perlu kesadaran Masyarakat atas kebersihan objek wisata ini
Wigananda Firdaus;5 tahun lalu;Positif;pantai lombang;tetap eksotis seperti dulu... salah satu aset yg harus di jaga
Bastian Andi;5 tahun lalu;Positif;pantai lombang;Bagus lokasinya cocok untuk wisata keluarga
Asrory Firdaus;5 tahun lalu;Positif;pantai lombang;Sangat bagus alami sejuk dan menghibur
rerey shop;5 tahun lalu;Negatif;pantai lombang;Mahalllll tk spt dulu pdhl ya gk bnyak yg direnov
Arif Syahrul;5 tahun lalu;Positif;pantai lombang;Pantai yang sangat indah dan masih bersih
BO-RIZ JUNIOR;5 tahun lalu;Positif;pantai lombang;"Pantai yang indah n asri..kalo mau renang awas banyak ubur"""
Mulyo Manggih Widodo;5 tahun lalu;Positif;pantai lombang;Salah satu pantai terindah di indonesia
zainul 85;5 tahun lalu;Positif;pantai lombang;Good sea Berpagar Pohon Cemara
Bakteri Cakep;5 tahun lalu;Positif;pantai lombang;Pantainya luas, enak buat eksplor. Hutan pinus buatannya juga asik.
Laode Watogo;5 tahun lalu;Positif;pantai lombang;Di Pantai Wisata Lombang Nyaman
Sasuibi 19;5 tahun lalu;Positif;pantai lombang;Tempatnya nyaman banget buat nyantai, pasirnya yg indah dan lautnya yg biru sgt memuaskan kita
Ilham Ade Pratama;5 tahun lalu;Positif;pantai lombang;Di sana itu cukup baik dan lumayan bagus pantainya dan tidak lupa pula di pantai tersebut dikelilingi pohon cemara yang cukup indah dan menarik untuk setiap pengunjung yg datang
Bang Dedy;5 tahun lalu;Positif;pantai lombang;"Tempatnya bagus.
Cuma kekurangannya ialah:
Jalan menuju lokasi rusak parah, dan sempit"
Taufik Hakiki;5 tahun lalu;Positif;pantai lombang;Indah dan nyaman. Pantainya dan pasirnya bersih. Pemandangannya indah dengan banyaknya cemara udang disana. Great place for your holiday
Farhan Surury;5 tahun lalu;Positif;pantai lombang;Pantai yang indah dan asyik sebagai tempat berlibur bersama keluarga, akan lebih keren jika kualitas pengelolaannya lebih ditingkatkan..
Abbu 1234;5 tahun lalu;Positif;pantai lombang;sangat mengasikkan
Rudy Jaelani;5 tahun lalu;Positif;pantai lombang;Pantai bersih dan bagus.. Pohon cemara bagus membuat suasana pantai jd nyaman dan dingin.. Air kelapa mudanya enak
muhammad amin A;5 tahun lalu;Positif;pantai lombang;Salah satu pantai yang terawat di daerah maduran,  dengan berbagai wahana anak kecil serta disertai spot foto yang kece mengikuti perkembangan zaman  , dengan udara pantai yang sejuk,  cocok untuk melepas penat stress dari kota
yulianis budi;5 tahun lalu;Positif;pantai lombang;Tempat wisata lombang ini mang ok bangett yaa...suasanax bikin rilex aja...buat acara kopdar atau buat selfi2 sungguh keren bangett...cma sayangny tempat untuk nyantai atau tempat istirahat mash kurang...
BENGKEL KOPI chanel;5 tahun lalu;Positif;pantai lombang;Tempat wisata pantai cocok buat keluarga..terkenal dengan cemara udangnya
Silvia Indriana;5 tahun lalu;Positif;pantai lombang;"Pasirnya haluuss banget...laut dan langit seperti Deket gituu...
Tapi kemarin itu rame banget...motor dan mobil bisa masuk area pantai...ini mengganggu sekali..."
Siti Jumiati;5 tahun lalu;Positif;pantai lombang;pantainya bagus banget apalagi ada pohon cemara menambah pemandangannya tambah indah
Mas Budi;5 tahun lalu;Positif;pantai lombang;Sangat bagus untuk rekreasi,silahkan yg blum belum berkunjung bagus loh tempatnya
Basid Asifa;5 tahun lalu;Positif;pantai lombang;Tempat alami, adem murah, pasir putih, cuma jalan  menuju kepantai masih sempit
Dwicky Kurniawan Imron Rosyadi;5 tahun lalu;Positif;pantai lombang;Tempatnya bagus, enak buat main air karena ombaknya ga terlalu gede
Ibnu Fajar Muhammad;5 tahun lalu;Positif;pantai lombang;Banyak penjual rujak °an murah. Pantai bersih.. jangan lupa bawa tikar, agar bisa duduk menikmati pemandangan bersama keluarga
dian ermayanti;5 tahun lalu;Positif;pantai lombang;Pantainya bagus klo pas ga musim angin, datanglah sekitar bulan maret
AR PROJECT;5 tahun lalu;Positif;pantai lombang;Good buat ngecamp
Uzy Fauzy;5 tahun lalu;Positif;pantai lombang;Ya karena tempatnya sangat eksotis d tambah dengan hutan cemaranya yg begitu rindang nan sejuk membuat pantai ini memang sangat cocok untuk tempat refeshing n holiday...
Lucky Emilio;5 tahun lalu;Positif;pantai lombang;"Tempat favorite pas lebaran..
Tapi sayang pihak pengelola hanya mementingkan hasil saja jadi gak keurus pantainya"
Leo Dolok;5 tahun lalu;Positif;pantai lombang;Pantai nya bagus, perlu dikelola secara profesional biar jadi bagus dan bersih
Yusuf Kurniawan;5 tahun lalu;Positif;pantai lombang;"PLUS :
- Tempat wisata terdekat dari pusat kota Sumenep
- Tiket yang sangat terjangkau …"
Dsrism -;5 tahun lalu;Positif;pantai lombang;"Pantai nya bagus, masih bersih & sejuk
Untuk saat ini fasilitas kurang memadai, seperti musholla. Yang kurang terawat dan tempat wudhu jauh dari musholla …"
Samsu Bakoel;5 tahun lalu;Positif;pantai lombang;"Pantai landai yang menyenangkan.... panjanggggg.... banget pantainya... cemara udangnya... keren abis dah.... ombaknya lagi.... cukup seru....
Kalo buat kejernihan airnya.... yaaa... kurang.... (padahal... beberapa taun …"
Yudi Siswanto;5 tahun lalu;Positif;pantai lombang;Sangat bagus, cuma perlu perbaikan prasarana pendukung seperti MCK yang masih kurang terawat, ada yang rusak dan kotor
swastikha maulidya mulyana;5 tahun lalu;Positif;pantai lombang;Pasirnya putih, banyak cemara udang ada kuda juga di sini
melda wulandari;5 tahun lalu;Positif;pantai lombang;"Pantainya bagus bnget.

Cek my ig @_meddar"
Ismail Usman;5 tahun lalu;Positif;pantai lombang;Salah satu pantai terbaik di Dunia, dengan hamparan pohon cemara, pasir yang halus dan air pantai yang jernih. Saya sudah tak terhitung berapa kali ke tempat ini, tapi saya tidak pernah bosan dan selalu ngangenin. Best lah untuk pantai lombang.
Cristananda Ratnady;5 tahun lalu;Positif;pantai lombang;Pantai nya bagus. Pasirnya putih dan sangat halus. Dipantai tersebut bisa menyewa Kuda untuk berkeliling pantai. View laut lepas nya juga keren.
Christine Eko Prasetyo;5 tahun lalu;Positif;pantai lombang;Pantai yg indah..nyaman..bersih...ombak yg tdk besar
Tuan Kuda;5 tahun lalu;Positif;pantai lombang;Suka banget sama garis pantai yg panjang. Pasir putih dan ombak yang tenang
sinwan sinwan;5 tahun lalu;Positif;pantai lombang;Wisata pantai di sumenep madura....masih alami.....tidak banyak mendapatkan sentuhan innovasi....potensi pohon cemara udang yg merupakan tanaman endemik perlu di kelola lebih baik lagi
Wahyu SU;5 tahun lalu;Positif;pantai lombang;Pantai dengan teteduhan pohon cemara. Jenis pasirnya coklat. Makanan dan minuman beragam dan murah. Bisa naik perahu atau kuda. Semoga sarana pendukung smkn dilengkapi
Budie chanel;5 tahun lalu;Positif;pantai lombang;Tempat nya indah & bagus buat liburan
heru subiyantoro;5 tahun lalu;Positif;pantai lombang;Lumayan bersih daripada pantai camplong. Fasilitas gazebo cukup banyak. Ombak Dan  Pasirnya bagus. Pedagang sebaiknya ditata lebih bail lagi begitu juga dengan kebersihannya.
Yunita Nurma;5 tahun lalu;Positif;pantai lombang;Pantainya bagus nggak kalah sama pantai-pantai yang lain
Lisa Agustina;5 tahun lalu;Positif;pantai lombang;Masuk per orang cmn 2 rb, pantai luasss bgt, ombaknya sedang2 saja, bisa sewa kuda 15rb sekali jalan, parkir luas, bnyk yg jualan,bnayak gazebo2 jd cocok buat rombongan atau pribadi...
sjahrul mutaqin;5 tahun lalu;Positif;pantai lombang;Pantai jozzz luar banget pasirnya itu lho........ bikin penasaran
Rahman Amin;5 tahun lalu;Positif;pantai lombang;Pantai pasir putih yang indah dan cocok buat liburan
yusfranto halim;5 tahun lalu;Positif;pantai lombang;pantai bagus, kebersihan terjaga hanya fasilitas kebersihan bisa di perbanyak & di perbarui...
Rizka Fitriyani;5 tahun lalu;Positif;pantai lombang;Bagus tempatnya, bersih lokasinya.. Hanya cukup terganggu dengan bau pesing yg sepertinya berasal dari kencing kuda yg disewakan..
Puan Anyelir;5 tahun lalu;Positif;pantai lombang;Pantainya bagus waktu liat di gambar bagus pas kesana tambah bagus tapi masih ada sampah
Novi Febriyanti;5 tahun lalu;Positif;pantai lombang;Bersih, tenang tapi jauh
Khairul Anwar;5 tahun lalu;Positif;pantai lombang;Tempat bersih dan enak untuk berkumpul bersama keluarga
Lina Yun;5 tahun lalu;Positif;pantai lombang;pantainya bagus truss pasirnya juga putih cocok untuk dijadikan tempat santai sama keluarga
Dhila Nur;5 tahun lalu;Positif;pantai lombang;Pasir putih
Tri Raharjo;5 tahun lalu;Positif;pantai lombang;Rindang, banyak pohon cemara udang
Arya Pratama;5 tahun lalu;Positif;pantai lombang;Tempatnya alami ...makanannya masih murah ...sayang tidak terurus dengan baik
Ahmad Nafii;5 tahun lalu;Positif;pantai lombang;pantai dengan pasir yang sangat halus landai juga... ombakya gede airnya sedikit keruh karana bercampur pasir yang halus
Ivan Daha;5 tahun lalu;Positif;pantai lombang;Pantainya bersih dan nyaman untuk bersantai.
Rohmat Hajji;5 tahun lalu;Positif;pantai lombang;Bagus, bersih, rindang. Sayang ada galian tambak di sekitar lokasi wisata
tieta channel;5 tahun lalu;Positif;pantai lombang;Pemandangan indah,  berpagar pohon cemara pasir putih halus &  lembut,  coxok buat parawisata
A Gabriel ????????;5 tahun lalu;Positif;pantai lombang;Wisata Pantai Lombang berpagar pohon cemara dg gunung pasir putih, Sejuk Alamai dan Asri, suasana kedamaian.
Abdrachman Rachman;5 tahun lalu;Positif;pantai lombang;Pantai bagus suasana sejuk dan bs kuliner lagi
SaN_Rapsberry TM;5 tahun lalu;Positif;pantai lombang;Subhanallah indah banget ! tapi tolong wisatawan untuk membuang sampah pada tempatnya !
FrankyKR SIP;5 tahun lalu;Positif;pantai lombang;Pantainya asyik untuk piknik bersama keluarga dan komunitas
Manan Syah;5 tahun lalu;Positif;pantai lombang;Lombang now asyik, penataan pkl dan area pengunjung dibedakan. Pokoknye asyik deh.
corat coret;5 tahun lalu;Positif;pantai lombang;Pantai lombang selain pemandangan nya yang indah juga pengunjung yang sangat banyak seperti lautan manusia
syamila thoriq;5 tahun lalu;Positif;pantai lombang;Indah luar biasa. Tapi kadang tempatnya kurang bersih:(
Andi Reza Darmawan;5 tahun lalu;Positif;pantai lombang;tiket masuk mahal :v, sekitar 18k, msih blm parkir, tpi keren pntainya
Yudda Rahardian;5 tahun lalu;Negatif;pantai lombang;Aksesnya mungkin bs d perbaikin, fasilitas untuk kamar mandi dll jg.
Tesa Vaniar;5 tahun lalu;Positif;pantai lombang;Pantainya sih bagus,  tapi kotor dengan sampah,  dan fasilitas kurang
nurhafiz fandy;5 tahun lalu;Positif;pantai lombang;berkuda dipantai lombang
Totok Sumanto;5 tahun lalu;Positif;pantai lombang;Wahana wisata alam yang sejuk dan menyenangkan
zaen mth;5 tahun lalu;Positif;pantai lombang;Uhhhh keren pantainya
budi sulistiono;5 tahun lalu;Positif;pantai lombang;Pantai bersih impian....wisata keluarga...
Faizal Nayla;5 tahun lalu;Negatif;pantai lombang;pantai bersih... kurang di kamar mandi & toilet kurang terawat
Wicaksono Praptoadi;5 tahun lalu;Positif;pantai lombang;"Pantai yang bagus sekali, pasirnya coklat muda dan bersih. Ombak yang tidak besar memberikan kesempatan untuk bisa bermain dengan air.
Pinggiran pantai tumbuh subur Pohon Cemara, membuat suasana semakin …"
Susanti N.S;5 tahun lalu;Positif;pantai lombang;"Saya kesini skitar 8 tahun yang lalu
Perjalanan naik motor dari surwbaya ke sumenep lqngwung kurwng lebih dirempuh sekitar 6-7 jam. …"
PONPES SALAF DARUL ULUM BANGIL;5 tahun lalu;Positif;pantai lombang;Bersih tempatnya. Ada kuda di pantai serasa di padang pasir. Hahhaha
eko sambudhi;5 tahun lalu;Positif;pantai lombang;Hamparan pantai yg luassss. Bagus untuk keluarga
Park Jungwon;5 tahun lalu;Positif;pantai lombang;Pantainya sangat bersih, tidak ada sampah berserakan sama sekali
arum pandanwangi;5 tahun lalu;Positif;pantai lombang;Bisa lihat kapal kampul2 dari sini, ada wisata naik kuda, sepnjang gapura lombang sampek pantai ada bonsai tapi sayangnya masuknya jauh dari jalan raya/gapura pantai lombang
Miftahol Arifin;5 tahun lalu;Positif;pantai lombang;wisata keluarga. pas lagi mudik
uftori wasit;5 tahun lalu;Positif;pantai lombang;Pantai Bagus dan Bersih dengan hutan cemara
M. ZAKI AMIN;5 tahun lalu;Positif;pantai lombang;Pantai yg indah, tenang & tidak terlau ramai
Rengginang tumapel;5 tahun lalu;Positif;pantai lombang;pantai bagus hanya kurang permainan untuk anak anak.
Hanif Nur S;5 tahun lalu;Positif;pantai lombang;Pantainya lumayan bersih, pasir nya putih, bisa berkuda juga
A. K. P;5 tahun lalu;Positif;pantai lombang;Tempat nya bagus
Afroni Wijaya;5 tahun lalu;Positif;pantai lombang;Sejuk tempatnya, pokoknya ok banget deh
Innani Eva Nurjannah;5 tahun lalu;Positif;pantai lombang;Tempat wisatanya org madura?????????????? …
Muhamad Halid;5 tahun lalu;Positif;pantai lombang;Bersih dan tenang...cocok tempat berlibur
Aries Budiono;5 tahun lalu;Positif;pantai lombang;Pantai yg sejuk di bawah pohon cemara
Ismi Salma Fuad;5 tahun lalu;Positif;pantai lombang;"Pgn ksini lagi....
Bagus tempatx"
Supri Yanto;5 tahun lalu;Negatif;pantai lombang;Masih alami blom ada fasilitas kamar mandi dan hotel
Thetutorials 95;5 tahun lalu;Positif;pantai lombang;Wisata keluarga murah dan bagus..
Siti Aisyah;5 tahun lalu;Positif;pantai lombang;Pantai lombang semakin asri dan indah
Yayat Hidayat;5 tahun lalu;Positif;pantai lombang;Pantainya bersih dan banyak pohon Cemara udangnya
Chryz Rea_reo;5 tahun lalu;Positif;pantai lombang;Cemaranya bikin adem suasana...kelapa mudanya rasa mantap
Ju Gira;5 tahun lalu;Positif;pantai lombang;Tempat dengan Cemara udang yg rindang dan pasir yg halus
Nasibah Dhiya'ul Muhsinat;5 tahun lalu;Positif;pantai lombang;Pasirnya lembut, buat renang jg enak
Christine Tobela;5 tahun lalu;Positif;pantai lombang;Pantai yg bersih dan indah
AZKYASYAM KEHIDUPAN INDAH;5 tahun lalu;Positif;pantai lombang;Berapa karcis masuk
Rois putra;5 tahun lalu;Positif;pantai lombang;Sungguh begitu Indah pemandangannya
Muzammil Cell;5 tahun lalu;Positif;pantai lombang;Wisata cocok buat liburan
Mad Thob;5 tahun lalu;Positif;pantai lombang;Luamayan gan. Murah terjangkau ada persewaan kuda. Harga sewa kuda sekitar 25000 an.
Ela zafira;5 tahun lalu;Positif;pantai lombang;Pemandangannya indah bangetzz
Bojes Farm;5 tahun lalu;Positif;pantai lombang;Tempatnya indah dan bersih
Ris Saiman;5 tahun lalu;Positif;pantai lombang;Enak kelapa mudanya murah meriah
Aulia Damayanti syafitri;5 tahun lalu;Positif;pantai lombang;Wisata Pantai Limbang sanagat indah
NDRO'S CHANNEL;5 tahun lalu;Negatif;pantai lombang;Sama seperti dulu....tdk ada peningkatan
Ys Ry;5 tahun lalu;Positif;pantai lombang;Pantai pasir putih
PANGKALAN TENGAH;5 tahun lalu;Positif;pantai lombang;Eksotis! Use a child play with family
djunaidi 2007;5 tahun lalu;Positif;pantai lombang;Bagus
Umarsanusi Ir;5 tahun lalu;Positif;pantai lombang;Indahnya Luar Biasa
It's yendra fardiansyah;5 tahun lalu;Positif;pantai lombang;Nice beach buat liburan bareng keluarga
Heru Subiyantoro;5 tahun lalu;Negatif;pantai lombang;Lumayan tidak terlalu Kotor..pasir putih
Homaidi Hamid;5 tahun lalu;Positif;pantai lombang;Pasir putih, halus, sejuk dg pohon cemara
asadafandi3;5 tahun lalu;Positif;pantai lombang;Tempatnya eksotis
Alwi Bilfagih;5 tahun lalu;Positif;pantai lombang;Pantainya agak kotor dan ada kotoran kuda
Pithe TV;5 tahun lalu;Positif;pantai lombang;Bagus, pasir capucino membuatnya lbh bagus lagi ?? …
Evi Ludiana;5 tahun lalu;Positif;pantai lombang;Wisata pantai alami
Dyah Faika;5 tahun lalu;Positif;pantai lombang;Tempat yg indah.. aplgi ditemenin sama 1 batok degan segar..
Ichtyar Rizqina;5 tahun lalu;Positif;pantai lombang;Sejuk dan pasirnya bersih
Achmad Wadih;5 tahun lalu;Positif;pantai lombang;Pantai ini sungguh indah dan aziik
achmad riza firmansyah SE;5 tahun lalu;Positif;pantai lombang;Keren pantainya lembut pasirnya rindang cemaranya
novidha satya ningtyas;5 tahun lalu;Negatif;pantai lombang;Tempat wudhu jauh
Ghanis Rahma Winanto;5 tahun lalu;Positif;pantai lombang;Tempat yang bagus
Wita Wachid;5 tahun lalu;Negatif;pantai lombang;Kalau pagi sangat sepi
Mr. Woweh;5 tahun lalu;Positif;pantai lombang;Tempat ini benar-benar bagus. Yang kurang bagus promosinya...
Nurul Hidayat;5 tahun lalu;Positif;pantai lombang;Bagus, banyak pohon cemaranya
tukang liburan;5 tahun lalu;Positif;pantai lombang;Jauh banget tpi puas
Siti Romlah;5 tahun lalu;Positif;pantai lombang;Indah dengan hiasan pohon cemara
Fadloli Fakhrudin;5 tahun lalu;Positif;pantai lombang;Wuuih apik tenan
Ebied Sugiantoro;5 tahun lalu;Positif;pantai lombang;Indah dan mempesona
nurul azizah;5 tahun lalu;Positif;pantai lombang;indah sekali
dwi deshariyanto;5 tahun lalu;Positif;pantai lombang;Penuh pohon cemara udang
iriyanto kalianget;5 tahun lalu;Positif;pantai lombang;Perlu publikasi yg baik
Umroh 23;5 tahun lalu;Positif;pantai lombang;?????? …
Khoirul Anwar;5 tahun lalu;Positif;pantai lombang;Indah seklai
nanang fadhori;5 tahun lalu;Positif;pantai lombang;Penuh cemara udang
Ayuni Sima;5 tahun lalu;Negatif;pantai lombang;Saat kesini hujan
yulia anisyah;5 tahun lalu;Negatif;pantai lombang;Bahus tetapi kurang kerawat
Gembel Traveller;5 tahun lalu;Negatif;pantai lombang;Tiket masuk yang kemahalan
Restu Rozalina;5 tahun lalu;Positif;pantai lombang;Indah dan alami
Ika Yanti;5 tahun lalu;Positif;pantai lombang;Good vibe laaah
Dwi Siswantono;5 tahun lalu;Positif;pantai lombang;Pantai bagus
airul hidayat;5 tahun lalu;Negatif;pantai lombang;Kurang tertata fasum musti ditambah
sugeng prasetyo;5 tahun lalu;Positif;pantai lombang;bagus, bersih
IGRA Larangan;5 tahun lalu;Positif;pantai lombang;Wajib dikunjungi tiap liburan
Hedy Aprilia;5 tahun lalu;Positif;pantai lombang;Bagus banget
Hammada Syarif;5 tahun lalu;Positif;pantai lombang;Pantai yang berada di timur Madura berada di wilayah Kabupaten Sumenep, tersedia spot foto dengan kuda.
fahrur rozy;5 tahun lalu;Positif;pantai lombang;Cocok untuk menghilangkan penat
Masna Al fatih;5 tahun lalu;Positif;pantai lombang;Selalu dihati
Surabaya 1543;5 tahun lalu;Positif;pantai lombang;Indah yoo...
Purnomo Dwi Candra;5 tahun lalu;Positif;pantai lombang;Eksotik banget
Abd Hamid;5 tahun lalu;Positif;pantai lombang;Menyenangkan
Nila Mangantara;5 tahun lalu;Positif;pantai lombang;Lumayan rame
Yuzman Febriyanto;5 tahun lalu;Positif;pantai lombang;Super mantap
Abid Aboned;5 tahun lalu;Positif;pantai lombang;Sangat indah
Faizah Aviv Nugrahini;5 tahun lalu;Positif;pantai lombang;Cukup indah
heru widayat;5 tahun lalu;Positif;pantai lombang;Lingkungannya bersih
Tonduk Majeng;5 tahun lalu;Positif;pantai lombang;cemara udang? hhmmmmm
ainur rachman;5 tahun lalu;Positif;pantai lombang;Ok banget
Fakhrur Rofiqi;5 tahun lalu;Negatif;pantai lombang;Tidak ramai
Ahmad Asror;5 tahun lalu;Positif;pantai lombang;Yaa bagus
kharis shodiq;5 tahun lalu;Positif;pantai lombang;Kapan ya bisa datang lagi?? …
andre_Bolang pambudi;5 tahun lalu;Positif;pantai lombang;Sampahnya banyak
Jum Adi;5 tahun lalu;Positif;pantai lombang;Tujuan para wisatawan
Rare Aqil;5 tahun lalu;Positif;pantai lombang;Indah buat foto
mohney maloloh;5 tahun lalu;Positif;pantai lombang;Mengesankan
Musyfiq Rozy;5 tahun lalu;Positif;pantai lombang;Pantai cemara
Riki Donquixote;5 tahun lalu;Positif;pantai lombang;Panas tapi bersih
Ar Win;5 tahun lalu;Positif;pantai lombang;pasirnya lembut
Kartika Isfanhari;5 tahun lalu;Positif;pantai lombang;Lumayan lah...
Ach. Nur Aqil Wahid;5 tahun lalu;Positif;pantai lombang;subhanallah
Dharma Ifan;5 tahun lalu;Positif;pantai lombang;Bagussss
Kamalul Qomar;5 tahun lalu;Positif;pantai lombang;Subhanallah
Fajar Lasvegas;5 tahun lalu;Positif;pantai lombang;Waw
naumi rahmawati;5 tahun lalu;Positif;pantai lombang;Keren?? …
Desi Sulfa;5 tahun lalu;Positif;pantai lombang;Keren
Budi Edjo;5 tahun lalu;Positif;pantai lombang;Keren
hadi widodo;5 tahun lalu;Positif;pantai lombang;Mantabz
rowi gindaga;5 tahun lalu;Positif;pantai lombang;Mantap
Suaidi Asyikin;5 tahun lalu;Positif;pantai lombang;Mantab
Imel Imelda;5 tahun lalu;Positif;pantai lombang;Indah
riri iriyanto;5 tahun lalu;Positif;pantai lombang;Asyik
Aviv Cah Semprul;5 tahun lalu;Positif;pantai lombang;Asyik
Fridinal Deleshef;5 tahun lalu;Positif;pantai lombang;Cukup
Mohammad Fawaz Farhan;5 tahun lalu;Positif;pantai lombang;Bagus
Lutfi Fathur;5 tahun lalu;Positif;pantai lombang;Bagus
TIRTO WIYONO;5 tahun lalu;Positif;pantai lombang;Bagus
Ari Fitriyani;5 tahun lalu;Positif;pantai lombang;Bagussssss
Fitri Erliyana;5 tahun lalu;Positif;pantai lombang;Pantainya indah, bersih, mungkin tidak banyak orang yang mengetahuinya.
Ridha Ashfiyah;5 tahun lalu;Positif;pantai lombang;"Pantai yang indah..dengan pohon eksotis yang disebut ""cemara udang"""
darrian alisantoso;5 tahun lalu;Positif;pantai lombang;Tempat yang bagus jika Anda ingin bersenang-senang sendiri dan kerabat.
Hindu kush;5 tahun lalu;Positif;pantai lombang;Pantai yang bagus tetapi perlu ditingkatkan pemandangannya agar menjadi alami dan nyaman
Insan Sharing;5 tahun lalu;Positif;pantai lombang;Pemandangan bagus dengan pantai berombak sedang... tempat yang bagus untuk piknik bersama keluarga Anda
Nadia Dhini;5 tahun lalu;Positif;pantai lombang;Pemandangan yang bagus dan bagus.
Lestari Oneng;5 tahun lalu;Positif;pantai lombang;pantai yang indah...?????? …
hadi purnomo;5 tahun lalu;Positif;pantai lombang;Bagus untuk liburan Anda
Nanang Eka Yulianto;5 tahun lalu;Positif;pantai lombang;menyenangkan dan santai..cocok untuk rekreasi keluarga...
Sadik Azhar;5 tahun lalu;Positif;pantai lombang;Selalu menjadi pantai favorit di Madura
Wendy Adewijaya;5 tahun lalu;Positif;pantai lombang;Pengalaman Luar Biasa
Wendy Rayyan;5 tahun lalu;Positif;pantai lombang;Tempat rekreasi yang sangat murah untuk keluarga. Pantainya, pasirnya luar biasa, ombaknya sangat aman untuk anak-anak. Perlu lebih banyak perbaikan untuk fasilitas, seperti toilet dan kamar mandi.
Andy R;5 tahun lalu;Positif;pantai lombang;Pantai yang bagus dengan pohon langka (cemara udang)
Ate Turmudzi;5 tahun lalu;Positif;pantai lombang;Tempatnya bagus, salah satu destinasi yang bagus kalau ke Madura apalagi bersama keluarga...
Darlene Keona Timothy;5 tahun lalu;Positif;pantai lombang;Tempatnya bagus banget buat tanning tapi biasanya kalo ke sana bakalan hujan haha????ada kuda juga dan mereka jual makanan …
Nur Syamsi Innayah;5 tahun lalu;Negatif;pantai lombang;Kalau pagi/siang siang panas sekali ?? …
Ibna Asnawi;5 tahun lalu;Positif;pantai lombang;"Pantai paling sempurna di Sumenep.
Pasir terbaik yang pernah ada!"
lut fi;5 tahun lalu;Positif;pantai lombang;Tempat yang bagus untuk melarikan diri dari aktivitas sehari-hari
Benita Kumala;5 tahun lalu;Positif;pantai lombang;Agak jauh dari kota, tapi tidak apa-apa untuk pengalaman menunggang kuda
Fera Dhamayanti;5 tahun lalu;Positif;pantai lombang;"(+) Disekitar pantai banyak terdapat pepohonan sehingga keadaan disini tidak terlalu panas
(+) Jika kita terlalu lelah untuk berjalan-jalan di sekitar pantai kita bisa …"
Yulianto APC;5 tahun lalu;Positif;pantai lombang;Tempat yang bagus, bersih dan indah
Eni Sulastri;5 tahun lalu;Positif;pantai lombang;Pantai yang bagus dan bersih
Ryandra Diotama;5 tahun lalu;Positif;pantai lombang;Jika Anda ingin dewasa, datang ke sini
Risky Dwi Cahyadhika;5 tahun lalu;Positif;pantai lombang;Bagus
TaeKwonDo Kidz;5 tahun lalu;Positif;pantai lombang;Pasirnya bagus..ombaknya...Angin...
Dwi Angga;5 tahun lalu;Positif;pantai lombang;Bersenang-senang untuk Liburan Keluarga
andrian andrian;5 tahun lalu;Positif;pantai lombang;Bagus untuk waktu keluarga...
Afwan Syairozi;5 tahun lalu;Positif;pantai lombang;Pantai sejuk yang tenang, to
f lely;5 tahun lalu;Positif;pantai lombang;Ketika Anda mengalami stres, Anda harus berada di sini
Dwi Angga Raharja;5 tahun lalu;Positif;pantai lombang;Cocok untuk Liburan Keluarga
Heri Yanto;5 tahun lalu;Positif;pantai lombang;Mantaap......????? …
Abdul faidh Zinnun al mishri;5 tahun lalu;Positif;pantai lombang;Tempat yang luar biasa
Tris Djati Wahono;5 tahun lalu;Positif;pantai lombang;Menyesap
Lukman Arif;5 tahun lalu;Positif;pantai lombang;Bagua
Meylins rolanda;5 tahun lalu;Positif;pantai lombang;Tempat yang bagus :)
Ryan dianx;5 tahun lalu;Positif;pantai lombang;Momen
Uyil Channel;5 tahun lalu;Positif;pantai lombang;Lombang Baech
TIGa whaat;5 tahun lalu;Positif;pantai lombang;Cantik
fakhriyah kiki;5 tahun lalu;Positif;pantai lombang;Pantai biasa
Amrina Rosyada;5 tahun lalu;Positif;pantai lombang;Ups..
Zastava;5 tahun lalu;Positif;pantai lombang;Tujuan selanjutnya
Rismal Alda;5 tahun lalu;Positif;pantai lombang;Tempat yang bagus
sayno sudharmono;5 tahun lalu;Positif;pantai lombang;Kereeeeennnn
cleo prihandaru;5 tahun lalu;Positif;pantai lombang;Hanya lewat
edho leito;5 tahun lalu;Positif;pantai lombang;Bagus...
Fito Alhasan Channel;5 tahun lalu;Positif;pantai lombang;Bagus ?? …
Mahrus Riyan;5 tahun lalu;Positif;pantai lombang;Siiiiiip
bama hidayanto;5 tahun lalu;Positif;pantai lombang;Eksotik
Chanif fruliadi;5 tahun lalu;Positif;pantai lombang;Bagus
Studio7 Official;5 tahun lalu;Positif;pantai lombang;Besar
yunita dewi;5 tahun lalu;Positif;pantai lombang;Bagus
Dimas aji bagus prayoga;5 tahun lalu;Positif;pantai lombang;Direkomendasikan
Ozy Azura;5 tahun lalu;Positif;pantai lombang;Ritsleting
Suganda Ganda;5 bulan lalu;Positif;pantai lombang;Klapa ijo mantap murah ramah parkir bisa dirapikan lagi masih banyak Tunggul pohon...adem bersih.
Rifa N;5 bulan lalu;Positif;pantai lombang;Tempat bagus untuk foto, ada kuda & makanan d pinggir pantai.
M. Ibnu Alwan;5 bulan lalu;Positif;pantai lombang;Pantai yang indah disertai dengan pohon Cemara yang rimbun
Yuyun Susanti;5 bulan lalu;Positif;pantai lombang;Pasirnya putih banget dan lembutttt
Junaidi Rekas;5 bulan lalu;Positif;pantai lombang;Lombang beac lebih maju
Shufri Gaming;5 bulan lalu;Positif;pantai lombang;Mantap
Aulia Hanif;4 tahun lalu;Positif;pantai lombang;"Pantai diujung timur pulau madura ini ditumbuhin dengan ribuan cemara laut yang sangat indah.
Hamparan pasir putih yang lembut menjadikan pantai ini layak dijadikan destinasi …"
Kurniawan Widiyanto;4 tahun lalu;Positif;pantai lombang;pantai dg ombak yang bersahabat, cocok untuk anak kecil dan hutan cemara udangnya lestari baget dijamin gk kepanasan deh
Sugi Arto;4 tahun lalu;Positif;pantai lombang;Pantai Lombang cukup terkenal sebagai salah satu destinasi wisata di Pulau Madura. Hamparan pasir pantainya luas dan lumayan bersih. Banyak pohon cemara di sekeliling pantai. …
Syarif Maulana;4 tahun lalu;Positif;pantai lombang;Pantainya bagus dan ombak kecil sehingga cocok buat main anak kecil tapi fasilitas penunjangnya kurang terawat seperti jalan rusak, kamar mandi tidak terawat dan musholla tempat wushu airnya mati.
nino H P;4 tahun lalu;Positif;pantai lombang;"Woooww....

Seperti pantai kuta bali, tp ombaknya kecil tdk bisa buat surfing. …"
Aktor Pernadi;4 tahun lalu;Positif;pantai lombang;"Pantai nya bersih dan bagus untuk di kunjungi para wisatawan dan banyak pulau di dekat pantai ini ...
Silahkan berlibur di pantai lembang.."
Dio Alief Pranata;4 tahun lalu;Positif;pantai lombang;Bagus sih pantainya. cuma sayang jalan menuju lokasi banyak yang rusak, banyak sampah juga berserakan, kayak kurang terawat gitu. semoga ke depannya pihak yang mengelola bisa memperbaikinya, bisa jadi salah 1 opsi tempat wisata di Sumenep.
Ari Otna19;4 tahun lalu;Positif;pantai lombang;"Tempat yang sangat nyaman untuk tadabur alam.
Pantainya yang luas dan pasirnya putih dan halus"
Muhamad_Zaen;4 tahun lalu;Positif;pantai lombang;wisata pantai yang menyajikan area bermain ramah anak dan pesisir teduh dengan pohon cemara dan pengalaman berkuda
Desy Ariyani;4 tahun lalu;Positif;pantai lombang;Jalan menuju tempat wisata bagus mulus, bisa di lalui dg lancar. Pantainya juga terawat, bersih. Kalo mw main pasir buat anak2 juga cocok. Harga tiket masuk pas weekend 1org kena 10rb. Wc nya juga bersih. Pantainya Cocok buat piknik, soalnya banyak pohon pinusnya jd adem.
zeel Rilack;4 tahun lalu;Positif;pantai lombang;Salah satu pantai yg sangat indah yg ada di Sumenep Madura  dan kalian bisa naik kuda dipantau ini dg bayar 10 ribu karcisnya juga lumayan murah 10 ribu
Rizal;4 tahun lalu;Positif;pantai lombang;Salah satu pantai yang dengan hamparan pasir  yang luas dan asri
Afil banana;4 tahun lalu;Positif;pantai lombang;"Sangat menarik dan bagus buat ngambil foto
Dan juga sunside nya begitu indah"
Gatra Azishia Akbar;4 tahun lalu;Positif;pantai lombang;Bagus,  sangat tentram dan damai disini.. Penduduknya juga ramah dan murah disini
Maya Dika Saksita;4 tahun lalu;Positif;pantai lombang;Pantai lombang terletak di Sumenep, pulau Madura paling timur.. udah dua kali ke pantai lombang, dan selalu memuaskan.. di kelilingi pohon cemara dan pasir putihnya yang lembut.. paling suka sama spot foto di antara pohon cemara.. kita bisa …
Supriyono;4 tahun lalu;Positif;pantai lombang;Pantainya bersih, cocok buat santai bisa naik kuda lewat tepi pantai....
Faradilla Pranadhita;4 tahun lalu;Positif;pantai lombang;Bersih, tempat untuk makannya juga nyaman, mungkin akses masuknya yg kudu diperbaiki jalannya
Catur Hadi Y;4 tahun lalu;Positif;pantai lombang;LUAR BIASAA KEREEENNNN!!! Pasir putihnya lembut bangeettt..  Pemandangan sungguh menyejukkan mata ?????? …
Anjar Samudra;4 tahun lalu;Positif;pantai lombang;Bagus, cuman beberapa masih di perbaiki.. semoga cepat selesai ?? …
Endrem Ferdiment (Wakik);4 tahun lalu;Positif;pantai lombang;Pantainya bersih dan sangat puas
Joni “Bopeng” Hendri;4 tahun lalu;Positif;pantai lombang;Surga tersembunyi di Pulau Madura, dengan pasir putih nya yg terbaik, sayang petugas disana terlalu banyak mengambil keuntungan
Marinenia Fayadzhin;4 tahun lalu;Positif;pantai lombang;Lumayan tuk ngilangin kangen ma pantai ?? …
Hendra Rusmana;4 tahun lalu;Positif;pantai lombang;"Pantai Lokasinya di ujung timur Pulang Madura, tepatnya di kabpaten Sumenep. Dari kota Sumenep sekitar 20km ke arah Timur Daya.
Pantainya sangat Indah dengan hamparan pasir putihnya yang merupakan …"
Zulfikar Basmoera;4 tahun lalu;Positif;pantai lombang;Pantai yang indah, tempat rekreasi bagi warga kota Sumenep dan sekitarnya. Pantainya cukup bersih, bisa dijelajahi naik kuda, banyak pohon cemara udang. Ada dijual bonsai cemara udang yang indah untuk dibawa pulang.
namira katerina;4 tahun lalu;Positif;pantai lombang;LUAR BIASA . Pantainya bagus + bersih . harga makanan+minuman murah .
Achmad Rudiono;4 tahun lalu;Positif;pantai lombang;Tiket sangat terjangkau,akses jalan sdah hotmix.....mantap
Fajar Merah;4 tahun lalu;Positif;pantai lombang;Bersih pasir putihnya.Salah satu pantai yang patut dikunjungi,terlebih jika disediakan fasilitas pendukung yang lebih mumpuni.
Yusron Nawawi;4 tahun lalu;Positif;pantai lombang;Salah satu destinasi wisata pantai di Kab. Sumenep. Hanya butuh 30 menit saja dari kota sumenep. Pantai ini spesial karena pepohonan cemara yang tumbuh sepanjang garis pantai.
mama yuni;4 tahun lalu;Positif;pantai lombang;Pantainya bagus.
Adink Barelank;4 tahun lalu;Positif;pantai lombang;Bagus loh pantainya
Ummul Khair Ahmaya;4 tahun lalu;Positif;pantai lombang;Pasirnya yang putih dan halus serta pohon cemara udang yang rindang membuat Pantai Lombang menjadi tempat yang pas untuk berlibur sambil belajar.
tonny hansen;4 tahun lalu;Positif;pantai lombang;salah satu destinasi wisata pantai di pulau madura yang ditumbuhi tanaman cemara udang
SN Halimah;4 tahun lalu;Positif;pantai lombang;Wao, jangan ngaku anak milenial kalo belum singgah ditempat ini. Keren abiz, kece, trendy, spot ftonya.banyak, murni alam, bersih, karna menariknya tempat ini so banyak wisatawan yang mampir disini, ada banyak menu makanan pedagang kaki lima, cuma jaraknya saja yang jauh kalo dihitung saya dari surabaya.
Shadrissaid;4 tahun lalu;Positif;pantai lombang;Pantai yg begitu exotic.... Dan ombaknya yg begitu bershbt dengan semua anggota keluarga kita.....
Silvana Fauzza (Echa);4 tahun lalu;Positif;pantai lombang;Tempatnya nyaman. Enak buat ngumpul sama kluarga. Betah rasanya lama lama disini.
Arif Wirawan Ramadhan;4 tahun lalu;Positif;pantai lombang;"Sementara lumayan, yg buat kurang adalah toiletnya, yg portable kotor kurang terawat, yg toilet lama sudah tidak bagus.
Semoga pembangunan renovasi& penambahan toilet permanent cepat selesai& bagus"
Sofie Najakha;4 tahun lalu;Positif;pantai lombang;Pantai yg luas dg pasir putih dan d lengkapi dg kuda , hanya saja waktu k sana pas barengan ada acara semacam tradisi budaya sana, jadi.nya ruame dan gag bisa menikmati pantainya
Asyari Iza A.I;4 tahun lalu;Positif;pantai lombang;Pantainya bersih dg pasir putihnya serta Pemandangannya indah dg dipagari Cemara Udang yg teduh dan mempesona
Jajak Sekitar;4 tahun lalu;Positif;pantai lombang;"Asyiknya Berbuka di Pesisir Pantai

Bagi yang sumpek menanti waktu buka di rumah, kalau rumahnya berada tidak jauh …"
Munasa Guragam;4 tahun lalu;Positif;pantai lombang;Kalau mudik pulang kampung pasti sempatikan ke sini
MUHAMMAD ZULKARNAIN;4 tahun lalu;Positif;pantai lombang;"Fasilitas dipantai ini cukup lumayan  spt toilet, warung, musolla
Dan jgn lupa unk mencoba berkuda spnjang pinggiran pantai...."
Ali Ya'lu;4 tahun lalu;Positif;pantai lombang;Pantai dg pasir yg luas dan di pagari pohon cemara udang yg luas
Santos Santai;4 tahun lalu;Positif;pantai lombang;Tempat yg indah, teduh, fasilitas lengkap. Recommended
JagClue KidsModel;4 tahun lalu;Positif;pantai lombang;Pantai Lombang pantai khas Madura, banyak orang datang kesini khususnya saat libur lebaran, terdapat jajanan bakso, rujak, pentol atau jenis mie mie
Fikry Haws;4 tahun lalu;Positif;pantai lombang;Pantai yg keren diujung pulau Madura dengan pasir putih yg sangat bersih dan air jernih
GaNdEN;4 tahun lalu;Positif;pantai lombang;Akses mudah... tempat yg cocok buat pecinta pohon cemara?? …
Hardhiyanto Eko Saputro;4 tahun lalu;Positif;pantai lombang;Great, tapi klo bisa kebersihan lebih dijaga
Irsan Maulana Vlog;4 tahun lalu;Positif;pantai lombang;Saya pertama kali ngetrip ke sanah,  pertama saya sampe dan membuka hlem saya, saya langsung terbengong dengan melihat keindahan pantai dan pasir putih nya yg lembut, tempatnya bersih, dan ada hiburan a juga,  menaiki kudu dengan tarif yg relatif murah.
mhiemie umi;4 tahun lalu;Positif;pantai lombang;Ok...destinasi yg bagus ?? …
gatot suprayitno;4 tahun lalu;Positif;pantai lombang;Tempatnya asyik
MADURESE;4 tahun lalu;Positif;pantai lombang;Tempat yang penuh dengan pohon cemara has yang ada di pantai lombang, beritanya pohon cemara ini tidak bisa tumbuh di tempat lain jika tidak diambil dengan tanahnya
Rimbaraya 3D;4 tahun lalu;Positif;pantai lombang;Wisata pantai yang natural...
Lutfia Ermayani;4 tahun lalu;Positif;pantai lombang;Suka banget sama pemandangannya apa lagi ada pohon cemaranya dan ada penyewaan kuda juga ???????? …
singgih andi;4 tahun lalu;Positif;pantai lombang;Ttp yg terbaik pasirnya...cm penataannya saja yg kurang...sayang sebenernya, potensi wisata yg terbengkalai walau sdh ada perbaikan dikit
AN dhana;4 tahun lalu;Positif;pantai lombang;Keindahan yang tiada bisa di beli?? …
Dwi Utomo;4 tahun lalu;Positif;pantai lombang;Bagus tempat nyantai
mey lee;4 tahun lalu;Positif;pantai lombang;Lumayan bagus dan bersih..
Hadistria M;4 tahun lalu;Positif;pantai lombang;Bagus banget tp jauh dari surabaya
ahmad fajrin;4 tahun lalu;Positif;pantai lombang;Bagus banget
Muhaimin Omienk;4 tahun lalu;Positif;pantai lombang;Tempat wisata pantai yg sejuk serta rindang karena penuh dengan cemara.......
Yanti Rizqi;4 tahun lalu;Positif;pantai lombang;Menarik untuk dikunjungi, sejuk. Cocok untuk berlibur dg teman dan keluarga, mudah mencari makanan,  fasilitas cukup lengkap,  warung, jasa foto dan naik kuda
RSCM MDR;4 tahun lalu;Positif;pantai lombang;Anda yang belum ke pantai ini pasti penasaran akan keindahannya. Yang sudah pernah ke pantai lombang ini tentu ingin balik lagi ingin menikmatinya, apalagi yang punya kenangan indah.. …
Amiruddin Alatas;4 tahun lalu;Positif;pantai lombang;Pantainya masih alami enak dibuat liburan keluarga yang paling asyik disana ada kuda yang dijadikan tumpangan diatas pasir putihnya. Pohon cemara yang bikin suasana pinggir pantai sejuk menjadi kelebihan tersendiri di pantai lombang
Anak Sambarata;4 tahun lalu;Positif;pantai lombang;Pantai y bagus.. pas lah buat berwisata bareng keluarga.. tapi sayang banyak roda dua yg lalu lalang di bibir pantai y..
eem irma;4 tahun lalu;Positif;pantai lombang;Pantai paling bagus se kota sumemep.. Banyak cemaraa... Apalagi warung rujak langganan mantap sama es degannya..
M Afandi Eka Putra;4 tahun lalu;Positif;pantai lombang;Sangat direkomendasikan untuk dikunjungi
nujum1 1985;4 tahun lalu;Positif;pantai lombang;Enak untuk anak-anak
Dhenbagus Bagus;4 tahun lalu;Positif;pantai lombang;rugi klo blom pernah menikmati lombang beach...indah banget pantainya
MOH maskur;4 tahun lalu;Positif;pantai lombang;es kelapa luar biasa
Shela Putri;4 tahun lalu;Positif;pantai lombang;Asli bgus bget!!!
waseela_ 55;4 tahun lalu;Positif;pantai lombang;Pantai nya indah pasirnya juga putih,kalian juga bisa menikmati naik kuda sembari mengelilingi pantai,karcis masuknya 10 ribu dan bayar parkir sepeda motor 5000
Syazna Maulida;4 tahun lalu;Positif;pantai lombang;Tempat ini sangat bagus
sal_sabilaans;4 tahun lalu;Positif;pantai lombang;"Pantai lombang itu tempat yg sangat bagus yaa selain dari tempatnya sangat cantik
Menarik dengan dikelilingi pohon cemara dan pasir putihnya  yg mungkin gak bakalan ada di tempat yang lain, nyenengin, ngangenin dan pokoknya hanya tiga kata T O P"
Draf Darul Ma'rifat;4 tahun lalu;Positif;pantai lombang;Saat saya ke pantai Lombang sejuk banget. Pemandangannyapun sangat bagus. Apalagi kalau lewat di bawahnya pohon cemara Good banget deh. Juga bisa menaiki kuda yg sudah tersedia  di sana
Bang Tora;4 tahun lalu;Positif;pantai lombang;Pantai Lombang berlokasi di Desa Lombang, Kec. Batang Batang, Kab. Sumenep, Jawa Timur. Jarak tempuhnya dari pusat kota Sumenep sekitar 30 km. Pantai ini memiliki pasir putih kekuningan sepanjang 12 km di sepanjang pantai. Keunikan pantai …
Vier Rahayu;4 tahun lalu;Negatif;pantai lombang;Pasirnya bersih... lumayan panas tapi tertolong karena banyak pohon2 cemara udang yg rindang.. Sayang fasilitas kamar mandi kotor dan kadang tidak ada air.
Haris Santoso;4 tahun lalu;Positif;pantai lombang;Pantai ini menawarkan keindahan pasir Putih yang dipadukan dengan sejuknya Hutan Cemara Udang (Casuarina Trees)...  Serta garis pantai yang panjang dan ombak yg cenderung kecil dan pantai yg tidak berkarang sehingga akan amat sangat …
Hiza Ra;4 tahun lalu;Positif;pantai lombang;nama nya pantai ya pantai, maw di review kayak gimana lagi? :v
Ulinuha Arsyilla;4 tahun lalu;Positif;pantai lombang;Lumayan buat liburan,,,
Arya Muhammad SA;4 tahun lalu;Positif;pantai lombang;Pantai lombang sumenep yg indah..
WAWAN PUJI LESTARI;4 tahun lalu;Positif;pantai lombang;Tempat liburan yg asri dan indah...  Kapan ya ke sini lagi...
verinda alviani;4 tahun lalu;Positif;pantai lombang;Momentnya cantik banget sore sore kesini
Miftah Arifin;4 tahun lalu;Positif;pantai lombang;Tempat wisata yang paling cocok buat wisatawan lokal maupun mancanegara
aji_mansur_santoso;4 tahun lalu;Positif;pantai lombang;Tempatnya Indah, Bagus, dan ramai pengunjung..  The best.. ?? …
??????? ????????;4 tahun lalu;Positif;pantai lombang;Pantai dengan Pasir Putih yg Banyak Ditumbuhi Pohon Cemara Udang Disekelilingnya,, Oke..
Masdawi;4 tahun lalu;Positif;pantai lombang;Wisata pantai lombangv
hadi siswoyo;4 tahun lalu;Negatif;pantai lombang;Kurang nyaman karena kebersihan kurang dijaga, banyak sampah² yang berserakan terutama sampah plastik ?????? …
Nor Azizah;4 tahun lalu;Positif;pantai lombang;Jauh sih dari kota, tapi tempat ini bagus buat liat sunset. Pasirnya bagus dan cocok buat wisata keluarga
Yudi Sunyoto;4 tahun lalu;Positif;pantai lombang;Coba di tambah tempat penginapan pengunjung luar kota mala lebih asik
Adie Channel;4 tahun lalu;Positif;pantai lombang;"Pemandangan dengan pohon cemara di tambah lagi pasir putih yg indah, bikin betah berlibur di pantai lombang,
Tapi sayang masi harus pakek karcis masuk oan wisata alam"
Ferdi Kurniawan;4 tahun lalu;Positif;pantai lombang;Pasir pantai putih bersih dan luas sekali
Vandita B. Aliffangga;4 tahun lalu;Positif;pantai lombang;Tempat wisata yang lumayanlah di daerah sumenep bagian utara
Daily Santuy;4 tahun lalu;Negatif;pantai lombang;Baik untuk lokasi wisata, tapi masih banyak sampah yg berserakan
RIZQI AFSOH;4 tahun lalu;Positif;pantai lombang;Pantainya bersih dan panjang...murah...
Rudy Wahyudi;4 tahun lalu;Positif;pantai lombang;Pantainya Indah, setahun lalu pernah kesana toiletnya kotor dan masih susah air
Moh Atwi;4 tahun lalu;Positif;pantai lombang;Acuan PEMKAB SUMENEP sbgi sarana/tempat WISATA yg pnuh dgn pohon CEMARA UDANG
Achmad syawal Akbari;4 tahun lalu;Negatif;pantai lombang;Percuma fotonya bagus² tapi kalo terlihat ada sampahnya jadi jelek.. ?? …
ach choirul;4 tahun lalu;Positif;pantai lombang;Jalan menuju Pantai sudah bagus dari kota Sumenep, hanya jalan akses masuk rusak parah, banyak ranting pohon Cemara udang yang tidak dipangkas sehingga jika bawa bus besar harus ekstra hati-hati. Kamar mandi perlu di tambah, musholla harus di perlebar, wahana permainan anak di tambah dan ramah lingkungan.
Bekti As;4 tahun lalu;Positif;pantai lombang;Pemandangan nan elok, cuma toiletnya kurang mendukung
Mingat Innocent;4 tahun lalu;Positif;pantai lombang;"Pantainya bagus...
Bersih dan masih sepi. Jaraknya cukup jauh dari kota Sumenep. Ada di ujung Timur laut pulau Madura. Ombaknya tidak terlalu besar dan pemandangannya Indah. Ada …"
arif alam;4 tahun lalu;Positif;pantai lombang;Pantai yang indah dan bersih dengan phon cemara udang
rokhim wahyudi;4 tahun lalu;Negatif;pantai lombang;Mantul cuy...??, tapi jalan masuk dari gerbang tiket ke pantai kenpa ngga di aspal ya? …
Erik Kurniawan;4 tahun lalu;Positif;pantai lombang;Hamparan pasir putih yg sangat luas,,disertai dgn pohon cemara udang.,sangat indahh..cocok buat bersantai.
made seputradana;4 tahun lalu;Positif;pantai lombang;"Tepi pantai full cemara udang, adeem...
Pantai bersih dengan pasir berwarna coklat muda..."
Richie Verdiana;4 tahun lalu;Positif;pantai lombang;"Ke madura gak lengkap rasanya klo belum main ke pantainya yg satu ini.pasir putihnya dan disepanjng pantai bnyak pohon cemara yg rindang dan sejuk.pokoknya gak bakalan  nyesel dtang jauh"" trs main ke pantai lombang ini."
Matt Halil;4 tahun lalu;Positif;pantai lombang;Pantai yang indah dan sejuk. Banyak pohon cemara udang.
Putri Andani;4 tahun lalu;Positif;pantai lombang;Bagus sekali
Arif Rahman Halim;4 tahun lalu;Positif;pantai lombang;Pantai dengan ciri khas cemara udang yang dulunya cuma ada 2 di dunia (setelah china). Kini harus tergerus pengembangan tempat wisata di daerah lain wkwk. Overall pantainya bagus, rindang. But, tidak terawaartt! Bangku atau tempat duduk …
Ntry Vita;4 tahun lalu;Positif;pantai lombang;Pertahankan ke ramahan disana, yg menjaga tempat dan penjual ?????? …
Wahid Halilovic;4 tahun lalu;Positif;pantai lombang;Salah satu tempat wisata yang harus dijaga dan dirawat
Dwi Gilang Santoso;4 tahun lalu;Positif;pantai lombang;Biaya tiket yang murah, sudah banyak yang berdagang disana jadi lebih mudah jika lapar atau haus tetapi tidak membawa bekal. Tapi kebersihan yang kurang dijaga, masih ada bungkus makanan ringan yang berserakan di sekitar pantai. Pantai juga dekat dengan parkiran, sehingga tidak capek berjalan dari parkiran ke pantai.
nazifa salza;4 tahun lalu;Negatif;pantai lombang;Tempat sampah kurang memadahi untuk menjaga kebersihan
tianka_flo;4 tahun lalu;Positif;pantai lombang;Selalu menjadi destinasi fav.keluarga setiap tahunnya .. ?????? …
Banjol Jool;4 tahun lalu;Positif;pantai lombang;Tempatnya bersih, dan pemandangannya bagus
maulidatul kamilah;4 tahun lalu;Positif;pantai lombang;Pemandangannya sangat bagus cocok untuk liburan bersama keluarga atau teman2
Mochamad Farid Ubaidillah;4 tahun lalu;Positif;pantai lombang;Keren tempatnya...pantainya luas
AgungBN Chanel;4 tahun lalu;Positif;pantai lombang;Pantainya datar sehingga air tdk dalam. Toilet dan kmr mandi tersedia cukup. Airnya tawar. Minum yg favorit kelapa muda. Ada yg biasa, obat atau kopyor. T4 parkir teduh. Tiket masuk 5000. Parkir minibus 5000
Pak RW;4 tahun lalu;Positif;pantai lombang;Pantai lombang sumenep madura.. pasir putih dan sangat lembut..
Tutik Subahanawati;4 tahun lalu;Positif;pantai lombang;Pantai bagus, tempat untuk istirahat nyaman dan bersih
Aziz Faris Febrian;4 tahun lalu;Positif;pantai lombang;Bagus pantainya ada sewa kuda juga tapi sayang sewa kudanya mahal sekali
radenrandyjun;4 tahun lalu;Positif;pantai lombang;Wisata akan yg menenangkan
irvan kevin;4 tahun lalu;Positif;pantai lombang;Bagus. Indah. Khusus weekend banyak pedagangnya
Yushela Sarah;4 tahun lalu;Positif;pantai lombang;bersih pantainya, kl weekdays sepi, mungkin ramenya kl weekend
Bobby Kyacheo;4 tahun lalu;Positif;pantai lombang;Pantainya luas banget, datar, seru
Rynita Devi;4 tahun lalu;Positif;pantai lombang;Pemandangan pantai ny sangat bagus n indah, banyak pohon cemara udang,, asri n bersih pantai ny,,,
cha cha 01;4 tahun lalu;Positif;pantai lombang;Apakah km pernah ke lombang dan disitu fafotit aku makan dan main  tapi waspada bayak hantu  di situ
gita anggraini;4 tahun lalu;Positif;pantai lombang;garis pantainya panjang, pasir putih dan pantai yg landai
Najmuddin Nurrizal;4 tahun lalu;Positif;pantai lombang;menyenangkan
CHENEL HIBURAN;4 tahun lalu;Positif;pantai lombang;PANTAI yg menyenangkan bagus dn indah
Supri Yadi;4 tahun lalu;Positif;pantai lombang;Tempatnya indah dg pohon cemaranya
3 Wdd;4 tahun lalu;Positif;pantai lombang;Pantai pasir putih d ujung pulau Madura, tepatnya d ujung sumenep
Caution Imel;4 tahun lalu;Positif;pantai lombang;Asikin aja
damar extreme;4 tahun lalu;Positif;pantai lombang;Pasirnya putih,airnya biru pokoknya bagus deh
Iffah Asith;4 tahun lalu;Positif;pantai lombang;Pengen ajak anak2 ke sini lagi, adakan lomba lagi
NF2 GAMING;4 tahun lalu;Positif;pantai lombang;Pantainya bagus banget
Akbar Khenzo;4 tahun lalu;Positif;pantai lombang;Bagus pantainya
Matt JaaRy;4 tahun lalu;Positif;pantai lombang;Bersih pantainya...
Abror Riski Arif Budiman;4 tahun lalu;Positif;pantai lombang;Laut yg masih bersih dan pasir yg indah
Zuliatus Sholikhah;4 tahun lalu;Positif;pantai lombang;Tempat yg buat relaksasi
I One;4 tahun lalu;Positif;pantai lombang;Wihhh pantainya sangat indahh n bertebaran cemara udang ..persis d negri dongeng....
Rahmat Dandi;4 tahun lalu;Positif;pantai lombang;Luar biasa
Robert Candra Taruna;4 tahun lalu;Positif;pantai lombang;Pantai Bagus dan Asri tidak kalah dengan Kuta Bali
arif febry;4 tahun lalu;Negatif;pantai lombang;pengelolaan kurang cenderung tidak terawat
SAE MHD;4 tahun lalu;Positif;pantai lombang;pasir putih yang di pagari oleh pohon cemara sangat sejuk
Jimy Lirrizal;4 tahun lalu;Positif;pantai lombang;Segi pantainya Bagus
irham fauzan;4 tahun lalu;Positif;pantai lombang;Recommended untuk rekreasi pantai
moh yamin;4 tahun lalu;Positif;pantai lombang;Sangat bersih pantainya
Travel SATRIA TAMA SATRIA TAMA;4 tahun lalu;Positif;pantai lombang;Rental mobil murah Surabaya  15 menit dari bandara juanda
ali maksum;4 tahun lalu;Negatif;pantai lombang;Fasilitas toilet dr pemerintah tersedia, namun tidak bisa digunakan.
Bagus jaye;4 tahun lalu;Positif;pantai lombang;Adem ayem n tentram
pristiwanto Agus;4 tahun lalu;Positif;pantai lombang;Oleh2 khas pantai lombang bonsai cemara udang
Lina Dhani;4 tahun lalu;Positif;pantai lombang;Tempatnya bersih
Hasan Basri;4 tahun lalu;Positif;pantai lombang;Dikelilingi dengan pohon cemara dan berjejer bonsai cemara
Uzh Madury;4 tahun lalu;Positif;pantai lombang;Cemaranya yg bikin sangat istimewa
Rizky Utama;4 tahun lalu;Positif;pantai lombang;Bagus aku suka banget
Ataraxia;4 tahun lalu;Positif;pantai lombang;Masuk nya murah pemandangannya juga bagus
Yandi Yanto;4 tahun lalu;Positif;pantai lombang;Indah ???? …
Ayah;4 tahun lalu;Positif;pantai lombang;Surga pencinta bonsai Cemara udang.
Ferry Awiie;4 tahun lalu;Positif;pantai lombang;pantai Kuta nya madura
Irwansyah Syah;4 tahun lalu;Positif;pantai lombang;Mantab
sayyidah fitra;4 tahun lalu;Positif;pantai lombang;Bisa menunggangi kuda di tepi pantai
Halifi;4 tahun lalu;Positif;pantai lombang;Pantai yg sejuk dengan hutan cemara udang
Sulis Tiyana;4 tahun lalu;Positif;pantai lombang;???? …
Aklis Samsul Anam;4 tahun lalu;Positif;pantai lombang;Indahnya luar biasa
muhammad annas;4 tahun lalu;Negatif;pantai lombang;Akses jalan jelek
aida femnin;4 tahun lalu;Positif;pantai lombang;Mohon gazebonya untuk diperbanyak
halim perdana wijaya;4 tahun lalu;Positif;pantai lombang;Tempat wisata
Aris Sandi;4 tahun lalu;Positif;pantai lombang;Sangat menyenangkan
Muchammad Thoyib As;4 tahun lalu;Negatif;pantai lombang;Anginnya kurang wkwk
abd rahman;4 tahun lalu;Positif;pantai lombang;Pantai sembilan mantep
Maghfirani Nafila Laily;4 tahun lalu;Positif;pantai lombang;Bagus dan lumayan bersih
Xiaomi Bodong;4 tahun lalu;Positif;pantai lombang;Cocok buat ngilangin stress
Syarif Hidayatullah;4 tahun lalu;Positif;pantai lombang;Semakin bagus.
RUSDI SAIFUL ANWAR;4 tahun lalu;Positif;pantai lombang;Hiasan cemaranya membuat pantai ini is the best
badron took;4 tahun lalu;Positif;pantai lombang;"Reuni SMP Wachid Hasyim 6  Surabaya.
Tahun 1987.
Silahturrohmi tetep terjalin  sampai akhir hayat
31 Maret 2019"
Yunifan Amsyalis;4 tahun lalu;Positif;pantai lombang;Sangat cocok untuk keluarga...
DEDY ACHYAR HIDAYAT;4 tahun lalu;Positif;pantai lombang;Ini
Hilman Ari;4 tahun lalu;Positif;pantai lombang;Indah sekali
Hariyono Iyon;4 tahun lalu;Positif;pantai lombang;Sangat bagus
Yuny Bawellz96;4 tahun lalu;Positif;pantai lombang;Banyak pohon cemaranya
Itok Ridwan;4 tahun lalu;Positif;pantai lombang;Pesona pantai
Ekris Alelang;4 tahun lalu;Positif;pantai lombang;Pantai yang keren
Rahem Achmad;4 tahun lalu;Negatif;pantai lombang;Bagus tapi kurang promosi
GP GNK CUP 2020;4 tahun lalu;Positif;pantai lombang;Gak ada permainannya
Eliana tristianti;4 tahun lalu;Positif;pantai lombang;Indah bgt love
Didik Riyadi;4 tahun lalu;Positif;pantai lombang;Mantap bener
Ken Sae;4 tahun lalu;Positif;pantai lombang;Tempat refreshing
rosi nizza;4 tahun lalu;Positif;pantai lombang;Kurang Bagus
Afif Bhayangkara;4 tahun lalu;Positif;pantai lombang;Tempatnya enak dan sejuk
Yoda Halim;4 tahun lalu;Positif;pantai lombang;Mantap
Zakki Qiyu99;4 tahun lalu;Positif;pantai lombang;Supeer mantap
MOHAMMAD ABDUR ROHIM;4 tahun lalu;Positif;pantai lombang;Keren sangat
Yunis Sulis;4 tahun lalu;Positif;pantai lombang;Pantainya cantik...
Fatah Hillah;4 tahun lalu;Positif;pantai lombang;Lingkungan yang masih asri
Abah Cikung cikung;4 tahun lalu;Positif;pantai lombang;Bersih
boby lesmana;4 tahun lalu;Positif;pantai lombang;sangat romantis
Mas Mansyur;4 tahun lalu;Positif;pantai lombang;Pantai yang indah
Bashor ELF Rent Car;4 tahun lalu;Positif;pantai lombang;Mantul
Herlina Afifah;4 tahun lalu;Positif;pantai lombang;Sejuk
Andi Dhyo;4 tahun lalu;Positif;pantai lombang;Mantap
Raqi Zidan;4 tahun lalu;Positif;pantai lombang;ga nyampek keburu malam
dani ahmad;4 tahun lalu;Positif;pantai lombang;Sejuk
Rodi yanto;4 tahun lalu;Positif;pantai lombang;Recomended
Noer Halima;4 tahun lalu;Positif;pantai lombang;Bagus dan mempesona
Kandang Malang Pullet;4 tahun lalu;Positif;pantai lombang;Indah bro
maskariem 777;4 tahun lalu;Positif;pantai lombang;Keren....
Ahmad Sabili Rifai;4 tahun lalu;Positif;pantai lombang;Timur Madura
Mohammad Suli;4 tahun lalu;Positif;pantai lombang;Cukup indah
AsSyaiful al gaff;4 tahun lalu;Positif;pantai lombang;indah
OKTAVIAN ISMAIL JOHANSYAH;4 tahun lalu;Positif;pantai lombang;Lumayan
NASIR PUTRA KADES;4 tahun lalu;Positif;pantai lombang;Keren
Roby Guard;4 tahun lalu;Positif;pantai lombang;Bagus
Jatim Aktual TV;4 tahun lalu;Positif;pantai lombang;Bagus
Dwi Astuti Wahyu Nurhayati;4 tahun lalu;Positif;pantai lombang;Bagus
Little Of Ulfi;4 tahun lalu;Positif;pantai lombang;Mantap
nadifa baitis;4 tahun lalu;Positif;pantai lombang;Apik
Abi Asro;4 tahun lalu;Positif;pantai lombang;Lumayan
AzeanEl Faqir;4 tahun lalu;Positif;pantai lombang;Seru
M. Sidik;4 tahun lalu;Positif;pantai lombang;Lumayan
syarief hidayatulloh;4 tahun lalu;Positif;pantai lombang;Mantap
Entry Point ID;4 tahun lalu;Positif;pantai lombang;Oke
Ferdi Hariyanto;4 tahun lalu;Positif;pantai lombang;bagus
yohan waskito;4 tahun lalu;Positif;pantai lombang;Pasir putih lembut dengan pepohonan yang indah
rindang prima;4 tahun lalu;Positif;pantai lombang;Liburan Terbaik yang Dapat Dimiliki Siapa Pun
hermansyah hidayat;4 tahun lalu;Positif;pantai lombang;pantai yang sangat indah dengan rimbunnya pohon pinus.
yesi yusnia;4 tahun lalu;Positif;pantai lombang;Salah satu pantai yang indah di Sumenep, jadi harus ke sana guyss ??
Nur Kholis Mansur;4 tahun lalu;Positif;pantai lombang;Pantai Lombang merupakan salah satu pantai yang terletak di kabupaten Sumenep, Madura. Pantai ini tepatnya terletak di sebelah timur Sumenep, sekitar 25km dari kota Sumenep tepatnya di Kecamatan Batang-Batang. …
Firdausiy;4 tahun lalu;Positif;pantai lombang;Tempat yang bagus untuk bersenang-senang bersama keluarga kami, bersiap untuk ?? berkuda …
Eko Purwanto;4 tahun lalu;Positif;pantai lombang;Ini luar biasa
Brilyan Satria;4 tahun lalu;Positif;pantai lombang;Pantai bagus, terkadang bersih, minuman kelapa murah, tapi sangat ramai saat liburan tiba
Adinda Salsabilla;4 tahun lalu;Positif;pantai lombang;tempatnya enak, suasananya nyaman dan cocok untuk piknik keluarga
Hery Sulistiono;4 tahun lalu;Positif;pantai lombang;Pantai yang bagus, tidak ada penjaga pantai, butuh akomodasi yang lebih baik.
Warung Bang Ali Action;4 tahun lalu;Positif;pantai lombang;Pantai yang bagus ?? dengan sedikit kesenangan …
Dwi Asih;4 tahun lalu;Positif;pantai lombang;mantaaaaap betuuuuuul
Nanang Prayudhy;4 tahun lalu;Positif;pantai lombang;Apakah tempat terbaik
Dean Prapanca;4 tahun lalu;Positif;pantai lombang;"Pantai yang bagus
Suasana yang bagus
Cuaca baik …"
Sycma Al-Madhuri;4 tahun lalu;Positif;pantai lombang;Tempatnya sangat menakjubkan....
oded jaed;4 tahun lalu;Positif;pantai lombang;Pantainya keren
Kiky Noufall;4 tahun lalu;Positif;pantai lombang;Sangat keren
Aldi Darmawan;4 tahun lalu;Positif;pantai lombang;Sangat keren
andri rosey;4 tahun lalu;Positif;pantai lombang;Tempat yang indah
Nia Kurniadi;4 tahun lalu;Positif;pantai lombang;Bagus
Arif Budiono;4 tahun lalu;Positif;pantai lombang;Pasir halus dan pantai landai panjang
Dimas si bolang 097;4 tahun lalu;Positif;pantai lombang;Kebun Area, Lombang, Batang Batang, Kabupaten Sumenep, Jawa Timur 69473
Dedy Kadiriyanto;4 tahun lalu;Positif;pantai lombang;Luar biasa....
bayu perdana;4 tahun lalu;Positif;pantai lombang;Bukan untuk berkerumun..
Manstein V;4 tahun lalu;Positif;pantai lombang;Bersih, memuaskan
Zainuddin Muhammad;4 tahun lalu;Positif;pantai lombang;Semoga beruntung
Adib Pugar Nuraga;4 tahun lalu;Positif;pantai lombang;Mntai
Sony Hadi;4 tahun lalu;Positif;pantai lombang;jika
Rudi Al Ardi;4 tahun lalu;Positif;pantai lombang;Tidak perlu dipertanyakan lagi
Kamil Lesmana;4 tahun lalu;Positif;pantai lombang;Indaaaahh
Story Bola;4 tahun lalu;Positif;pantai lombang;Kerrend
Tania Resto;4 tahun lalu;Positif;pantai lombang;Bagus
PAPA ARDY;4 tahun lalu;Positif;pantai lombang;Bagus
Dwiki Ifan Novianto;4 tahun lalu;Positif;pantai lombang;Bagus
Wulandari Winduri;4 tahun lalu;Positif;pantai lombang;Bagus
Cong Mufid;4 tahun lalu;Positif;pantai lombang;Direkomendasikan
Gideon More;4 tahun lalu;Positif;pantai lombang;Keluarga
Muhammad Rahmad Wahyudi;4 bulan lalu;Positif;pantai lombang;"Datang di hari senin pagi jam 7, alhamdulillah suasana masih sepi.
Biaya masuk per orang 5 ribu dan parkir mobil 10 ribu.
Pantainya cukup luas dan panjang, pasir putihnya juga bersih. …"
Tribudi Yulianto;4 bulan lalu;Positif;pantai lombang;Istimewa
Heni Rahmawati;3 tahun lalu;Positif;pantai lombang;Cocok buat liburan keluarga, murah meriah...suasana yang tenang dan indah...ada pohon Cemara membuat sejuk dimata
LaLehCrochet by Novelia;3 tahun lalu;Positif;pantai lombang;Pantainya indah, namun ada beberapa catatan yang semoga bisa membuat management pantai ini menjadi lebih baik: …
Rahma Aisyah;3 tahun lalu;Positif;pantai lombang;Lombang merupakan salah satu tourist attraction yang terkenal di sumenep. Standar pantai pada umumnya, ada beberapa gazebo atau tempat duduk untuk pengunjung. Lumayan banyak pilihan makanan juga. Ada juga penjual baju utk anak shg tidak …
Ros Sita;3 tahun lalu;Positif;pantai lombang;Kesini pas masih pagi banget... warung warung belom pada buka... menyenangkan sekali karna pantai nya masih sepi berasa private beach...
Fani F;3 tahun lalu;Positif;pantai lombang;pantainya bersih dengan ombak cenderung tenang. disarankan untuk datang saat low season untuk menghindari kepadatan pengunjung. di sini banyak pohon cemara dan bisa sewa kuda juga untuk jalan jalan di pinggir pantai. ada kedai-kedai penjual …
kadal pang;3 tahun lalu;Positif;pantai lombang;tempat yang nyaman untuk melepas lelah ,dan liburan bersama keluarga.
El_ Muhammed;3 tahun lalu;Negatif;pantai lombang;Airnya bersih bgt... Tp sayang di pasirnya masih ad beberapa sampah
Miyha Mehndi Art (Miyha);3 tahun lalu;Positif;pantai lombang;Suka banget dgn panorama pantainya fasiltas lengkap...nyaman exotis
X-fach;3 tahun lalu;Negatif;pantai lombang;"Jam 5 masih sepiii..... Liat sunrise Subhanallah.... Luar biasa kereeennn... Pantainya luas, cocok buat anak2.
Mohon untuk pengunjung JANGAN BUANG SAMPAH SEMBARANG!!!! Mari kita jaga pantai ini agar selalu bersih dan rapi. ??? …"
Farid Aulia Rahman;3 tahun lalu;Positif;pantai lombang;pantainya enak untuk dikunjungi
Silvy Millata Shalliana;3 tahun lalu;Positif;pantai lombang;Pantai yang banyak cemara udangnya. Kita bisa bermain air dan naik kuda di sana.
Feri Ardiansyah;3 tahun lalu;Positif;pantai lombang;Keren. Tapi, sayang masih banyak sampah di bibir pantai. Semoga ditangai lebih baik
Ong Fastiasu;3 tahun lalu;Positif;pantai lombang;Salah satu pantai keren di sumenep madura, pantai lombang identik dengan ribuan hamparan cemara udang dipinggir pantai sekaligus sebagai tempat pengunjung berteduh dan tak kalah indahnya dengan pasir putihnya yang sangat halus juga dengan pantai sangat rekomended untuk mandi karena ombak dan gelombang yang cukup tenang.
Ahsan Bangkalan;3 tahun lalu;Positif;pantai lombang;"Pantai Cemara udang yang indah dan nyaman.
Menyusuri pantai dengan naik Kuda dan air degan hijau penghapus dahaga."
liza supri;3 tahun lalu;Positif;pantai lombang;Tempatnya bagus banget?????? …
Duky Ami;3 tahun lalu;Positif;pantai lombang;Pemandangan pantai yang mempesona dengan hiasan pohon Cemara di sepanjang bibir pantainya
DAT.;3 tahun lalu;Positif;pantai lombang;Mantap Suananya
Muhammad Zainal Muttaqin;3 tahun lalu;Positif;pantai lombang;Bersih, suasana juga tenang. Biasanya suka ada event
firman firzali;3 tahun lalu;Positif;pantai lombang;banyak orang main bola kalau sore d pantai ini
Taufik Hidayat;3 tahun lalu;Positif;pantai lombang;Pantai dengan pohon cemara udangnya ?? …
Ira Kusdiana Sari;3 tahun lalu;Positif;pantai lombang;Tetap cantik walaupun cuacanya kurang mendukung :)
Taufikur Rahman;3 tahun lalu;Positif;pantai lombang;Suasana tenang, murah, pasirnya bagus buat relaksasi, di bibir pantai hanya ada pohon cemara udang indaah sekali, mobil, bus mini, bus besar masuk parkir sampai ke pantai, tiket 5rb hari biasa, kalau liburan naik 10rb sd 15rb
Love you all;3 tahun lalu;Positif;pantai lombang;Tempat yang aman dan nyaman untuk digunakan kemah satu pleton, airnya yang jernih, serta warga yang ramah
Jonea Maska;3 tahun lalu;Positif;pantai lombang;Pantai yang sangat indah..  Pasir putih membentang panjang di pagar pohonw cemara..  Dan pantai yg alami,,  top..  Pantainya bersih...  Pokok nya cantik banget
Marina Joewono;3 tahun lalu;Positif;pantai lombang;"Pantainya luas dan panjaaang
Dan nyaman landai ombak pun tdk tinggi bisa banget berenang buat bocah jg nyaman krn landai makanan relatif murah
Cuma toilet yg kudu di upgrade"
Erika Oktaviani;3 tahun lalu;Positif;pantai lombang;Wlo pasirnya gk putih tpi coklat, tpi lembut, dn gk kwartir jk jatuh, pantainya panjang terhampar dg ombak yg gk tetrllu besar dg pemandangan Cemara udang yg eksotis
Marmut Amp;3 tahun lalu;Positif;pantai lombang;Tempatnya sangat bagus apalagi sore hari
Shinta Ayu;3 tahun lalu;Positif;pantai lombang;Saran saya, tempat spot foto2 bisa ditingkatkan lagii, dan fasilitas lain nya jugaa
Cust Aziz;3 tahun lalu;Positif;pantai lombang;Pantai yang enak buat kita berlibur bersama keluarga..hamparan pasirnya luas banget
Iman Nugroho;3 tahun lalu;Positif;pantai lombang;Pantainya bagus, gugusannya landai fasilitas juga sdh memadai minesnya hanya pengelolaannya yg blm maksimal.
Shaqira Alzhaina;3 tahun lalu;Positif;pantai lombang;Saya dekat di sana tambak udang Pt.DSN
Aufaa Rizki;3 tahun lalu;Positif;pantai lombang;Pantai lombang sangat menarik dan patut untuk di kunjungi
Surip Pirus;3 tahun lalu;Positif;pantai lombang;Pantai Lombang begitu teduh dengan pohon cemara. Dijamin pasti betah berlama-lama di pantai ini.
Ali Faturohman;3 tahun lalu;Positif;pantai lombang;Pantainya sanggat indah ... anginya... bikin sejuk banyak pohon cemaranyaa  .
Firdaus Hendrawan syah;3 tahun lalu;Positif;pantai lombang;Indah namanya elok tempatnya masih ada harapan untuk menginjakkan bersama keluarga kecil ku kelak?? …
Diandra Teyeng;3 tahun lalu;Positif;pantai lombang;"Tempatnya bagus masih bersih juga pasirnya putih ada juga penyewaan kuda.
Untuk tiket masuk ke pantai 5.000"
Faiqur Rahman;3 tahun lalu;Positif;pantai lombang;Tempat yang sangat bagus dan indah di pandang
rome thuck;3 tahun lalu;Positif;pantai lombang;pantai supermantap, di tingkatkan lagi untuk wash and clean
Syaifur R;3 tahun lalu;Positif;pantai lombang;Kebersihannya sekarang mulai menurun, kurang terawat juga.
papuma shop;3 tahun lalu;Positif;pantai lombang;Pantai lombang merupakan pantai yang sangat indah dan memiliki bibir pantai yang panjang serta suasana alam yang enak.
Pipid;3 tahun lalu;Positif;pantai lombang;Tidak seberapa nyaman untuk menikmati udara, sepi penjual. Tapi tetap indah
Faiz Camello;3 tahun lalu;Positif;pantai lombang;pantainya itu asik dan refreshing ke tubuh tapi tolong di bersiin itu pinggir pantainya OK
TAUFIQURRAHMAN;3 tahun lalu;Positif;pantai lombang;Sudah 2x kepantai ini tapi ditutup tanpa pemberian informasi publik, saya jauh-jauh dari pamekasan. tolong buatkan website resmi supaya kita bisa mengetahui info-info terbarunya
Zaka Achmad;3 tahun lalu;Positif;pantai lombang;pulangnya magrip gelap sekali kurang penerangan mohon diperhatikan
Bowo Sorela;3 tahun lalu;Positif;pantai lombang;Pantai yg panjang,pasir lembut, cemara udang bikin teduh,ombak kecil
Holiz Vandores;3 tahun lalu;Positif;pantai lombang;Karna pasirnya putih n terjaga keaslian pantainya
Zacky Albathin;3 tahun lalu;Positif;pantai lombang;???????????????? ?????????? ????????????, ?????????????????? ?????????? ???????????? …
Budi San;3 tahun lalu;Positif;pantai lombang;Pasir putih seperti dikuta bali hanya sayang kurang fasilitas. Bgs lombanng drpd kuta bali
M. RIZAL SYARIEF;3 tahun lalu;Positif;pantai lombang;SUPER MANTAP
Kho-khoi Sholeh;3 tahun lalu;Positif;pantai lombang;Pantai yg bersih dan bagus
dewi puji astuti;3 tahun lalu;Positif;pantai lombang;Fasilitasnya sudah mulai banyak dan bagus
warsito warsito;3 tahun lalu;Positif;pantai lombang;Tempat dengan potensi alam luar biasa, tapi itu sekitar  satu tahun yg lalu. 24 november 2019 kesini lagi, sudah mulai terganggu dengan bau limbah tambak buatan untuk udang. Air bekas tambak di buang ke lokasi wisata. Pemda SUMENEP ABAI DENGAN KONDISI INI. aset wisata terbesarnya DIRUSAK sendiri...PAYAH
Yetno Hartono;3 tahun lalu;Positif;pantai lombang;Bagus banget pemandangannya
Yesi Dian Prisilia;3 tahun lalu;Positif;pantai lombang;tempat ini unik dan indah. penghilang kepenatan kota
arsodi abi;3 tahun lalu;Positif;pantai lombang;Banyak Peningkatan.. Hanya aroma tidak sedap dari kencing Kuda yg mengganggu ke asyikan
anth xine;3 tahun lalu;Positif;pantai lombang;Cukup bagus pantainya
agustnp _;3 tahun lalu;Positif;pantai lombang;Syukaa bgt?? …
GinX;3 tahun lalu;Positif;pantai lombang;Bagus buat rekreasi
roby sakti;3 tahun lalu;Positif;pantai lombang;Pantai yang selalu indah dan menjadi ikon wisata ujung timur pulau Madura
Dzikryahmad Alfatih;3 tahun lalu;Positif;pantai lombang;Pasir putihnya bagus dan masyarakat skitar ramah
Amrosi Teroris;3 tahun lalu;Positif;pantai lombang;Tempat wisatanya bagus untuk daerah kabupaten Sumenep....
dwi sari yulianti putri;3 tahun lalu;Negatif;pantai lombang;Tempatnya kotor kurang bersih
Arif C. Permana;3 tahun lalu;Positif;pantai lombang;Pntai yg sangat indah di p.madura
Dewi Purnamasari;3 tahun lalu;Positif;pantai lombang;Tempatnya bagus, pemandangannya cantik banget
IRMA RACHIM;3 tahun lalu;Positif;pantai lombang;Tempat yg indah
Imam Rusdi;3 tahun lalu;Positif;pantai lombang;Indah pantainya
ridho setiawan;3 tahun lalu;Positif;pantai lombang;Bagus, lumayan foto matahari terbit
Ach. Zulfi Zibyan;3 tahun lalu;Positif;pantai lombang;Tempatku mengenang mantan
Nabila_ P;3 tahun lalu;Positif;pantai lombang;Kapan kita bisa kesana lagi
Heri Yanto;3 tahun lalu;Positif;pantai lombang;Pantai dgn pohon cemara
San Muhammad (Sanief);3 tahun lalu;Positif;pantai lombang;Fasilitasnya tambah baik dari sebelumnya,,
Ahmad Krisdayanto;3 tahun lalu;Positif;pantai lombang;Mntap sekali...
Ramli Roly;3 tahun lalu;Positif;pantai lombang;Sejuk
Dewi Pipit;3 tahun lalu;Positif;pantai lombang;Banyak pohon cemaranya, rindang
Syaiful hadi ikan koi dan atribut sekolah;3 tahun lalu;Positif;pantai lombang;Kira2 mini bus bisa masuk g
Ikbal Rohman;3 tahun lalu;Positif;pantai lombang;Karna termakuk sala satu pantai faforit
Alifudin Muhammad Ashari, SH;3 tahun lalu;Positif;pantai lombang;Masih ditutup bro
Dodik irawan;3 tahun lalu;Positif;pantai lombang;"Pengen kesana lagi kapan"""
rayakanharimu official;3 tahun lalu;Positif;pantai lombang;Bagus juga pasirnya lembut
Syamsu Niam;3 tahun lalu;Positif;pantai lombang;Indah
Ismed Siradj;3 tahun lalu;Positif;pantai lombang;Top deh
Taufan Efendi;3 tahun lalu;Positif;pantai lombang;Bagus & nyaman
hasiri yanto;3 tahun lalu;Positif;pantai lombang;Indah dan hijau
WAHDY MALOLO;3 tahun lalu;Positif;pantai lombang;happy sekali
imam nuraiman;3 tahun lalu;Positif;pantai lombang;Sejuk
Andi Kuadrat;3 tahun lalu;Positif;pantai lombang;Kereeeeeeeen pasirnya
Mukhammad Khoiron;3 tahun lalu;Positif;pantai lombang;Pasirnya bersih..
Suro Patria;3 tahun lalu;Positif;pantai lombang;Mantab
Bagus Aji;3 tahun lalu;Positif;pantai lombang;Pantai pasir putih madura
Monalisa Yuliansyah L;3 tahun lalu;Positif;pantai lombang;Indah
ABABIL YOUTUBE;3 tahun lalu;Positif;pantai lombang;Bagus
Khoir JCC;3 tahun lalu;Positif;pantai lombang;Bagus
Vivaldi Setyo budi;3 tahun lalu;Positif;pantai lombang;Teduh
Petrus Sugiono Sugito;3 tahun lalu;Positif;pantai lombang;Cantik
Andri Yuanvalin;3 tahun lalu;Positif;pantai lombang;Yang
Ahmad Bayhagi 1611;3 tahun lalu;Positif;pantai lombang;mantap
Budi Suwarno;3 tahun lalu;Positif;pantai lombang;Lumayan
Edwien Hardiyan;3 tahun lalu;Positif;pantai lombang;Puas
Zherdan;3 tahun lalu;Positif;pantai lombang;Lebar
Hadi Mauludi99;3 tahun lalu;Positif;pantai lombang;Istimewa
Affan Azzam;3 tahun lalu;Positif;pantai lombang;mantap
Faishol Arief;3 tahun lalu;Positif;pantai lombang;Bagus
Shallbuth Garenkk;3 tahun lalu;Positif;pantai lombang;Suasana santai
Retno Wahyuningtyas;3 tahun lalu;Positif;pantai lombang;Tempat yang indah. Bersih dan dikelola dengan baik.
Yayuk Smala;3 tahun lalu;Positif;pantai lombang;Menghabiskan waktu luang di Pantai Lombang
Aliffatul Nur Roshita;3 tahun lalu;Positif;pantai lombang;Tempat yang bagus, dingin namun indah. Pasirnya bersih. Benar-benar merasakan laut lepas
M?rfelos;3 tahun lalu;Positif;pantai lombang;Phuh...ampon kobessa lachu tak lakala ka pantai kute
RANTAU ESTAFET;3 tahun lalu;Positif;pantai lombang;Ini baik
Pontjo Tjahjo M.;3 tahun lalu;Positif;pantai lombang;Bersih... dan.... tidak terlalu ramai....
Bonek “Son of David” Lay;3 tahun lalu;Positif;pantai lombang;Pantai yang bagus di Pulau Madura
Alexis Syailendra;3 tahun lalu;Positif;pantai lombang;Pasir putih panjang dan banyak pohon
yoga cahyo;3 tahun lalu;Positif;pantai lombang;Ya ampun
rarha Purnama;3 tahun lalu;Positif;pantai lombang;Anda seorang pengacau
Andika Piis;3 tahun lalu;Positif;pantai lombang;alami
Abek Alwi;3 tahun lalu;Positif;pantai lombang;Itu keren
wenda prayogi;3 tahun lalu;Positif;pantai lombang;Itu keren
Andri Nugro;3 tahun lalu;Positif;pantai lombang;Bagus
Ahmad Mahrus;3 tahun lalu;Positif;pantai lombang;Oke
Ibu Nana;3 tahun lalu;Positif;pantai lombang;Tempat yang indah
050_Nifi Maulidya;3 bulan lalu;Positif;pantai lombang;lokasinya bagus, pantainya luassss jadi banyak spot lalu khas disini pohon cemaraa yang buanyaakkkkkkkk sehingga rindang. Disini juga disediakan kamar mandi yang bisa dikatakan cukup bersih, kantin dengan harga terjangkau, tempat bermain …
Dewi ALmadinah;3 bulan lalu;Positif;pantai lombang;"sangat bagus, cuma lebih ditingkatkan lagi kebersihannya..
orng disnaa ramah²,penjual mkananya,penyewaan kuda jg ramah² banget, sejuk banget dipantai lombang. samapi ketiduran hehehe"
Lu'lu'a;3 bulan lalu;Positif;pantai lombang;Aslinya bintang 3, kasih bonus 1 lagi Karna ada kenangan tak terlupakan di ini. Tiket masuk 5K per orang, parkir mobil di dalam. Naik kuda 20 per orang tapi kalau naiknya 2 orang sekaligus jadi 30. Sebenarnya banyak tempat duduk gazebo. …
camet heri;3 bulan lalu;Positif;pantai lombang;Pernah sekali datang.. sdh lama sekali.. acara lulusan SMA. Ada kengan tertinggal disana?? …
REVAL M REVAL;3 bulan lalu;Positif;pantai lombang;Pantai lombang indah kalau sore
wahyudi 07;3 bulan lalu;Positif;pantai lombang;Mantap
Ade Safitri;2 tahun lalu;Positif;pantai lombang;"Pantainya bagus, ombaknya besar, ada wahana bermain , ada kuda bisa di sewa, banyak pendoponya
Jajanan juga banyak
Tetep jaga kebersihan ya"
Frisca;2 tahun lalu;Positif;pantai lombang;"Dari kota perjalanan sekitar 1jam an.
Jalan menuju kesana sudah bagus tidak seperti dulu banyak lubang.
Pantai luas, bersih dan banyak fasilitas umum.
Sayang waktu kesana air laut keruh."
Agung Yuniarto;2 tahun lalu;Positif;pantai lombang;"Ada hutan cemara udang, bikin sejuk, dan rindang.
Sehingga bisa tidak kepanasan saat matahari terik-teriknya, siang hari. …"
Erfin Zulia;2 tahun lalu;Positif;pantai lombang;Sebenarnya pantainya bagus, cuma kurang terawat. Dan kurangnya fasilitas umum
Desi Natalia (Sita);2 tahun lalu;Positif;pantai lombang;Pantai yg dari dulu sudah ada setelah pantai slopeng pantai yg asri sejuk nyaman hamparan pasir putih yg mempesona dgn suara kicauan burung angin laut yg semilir ombak yg menarik pohon cemara udang yg sangat indah?????? …
Mega Puspita;2 tahun lalu;Positif;pantai lombang;Puas banget main di pantai lombang. Pasirnya putih, pemandangannya bagus. Gak kalah sm di bali, makanannya murah dan enak juga. Tempatnya agak kotor sedikit tp masih wajar, mgkn krn masih agak sepi. Yg penting kamar mandinya udh ada yg bersih dan gak bau. Jd klo mw bilas tetap nyaman. Sayang di kamar mandinya tidak ada lampunya.
Khanun Ummah;2 tahun lalu;Positif;pantai lombang;Kondisi pantai lumayan bersih, banyak tempat untuk bersantai, namun agak kurang terawat. Terdapat sedikit area bermain anak, terdapat banyak penjual makanan dengan harga yang terjangkau. Saya saranka untuk mencoba rujak disana, karwna …
HARYADI KURNIAWAN;2 tahun lalu;Positif;pantai lombang;Pantai yang sangat bagus dan rindang. Dengan cemara udang yang khas. Bak pantai di Yogyakarta. Ini destinasi wisata yang bagus di madura. Belum ada pantai di madura yg seperti pantai lombang. Besar harapan saya pemkab mengelola dengan baik …
Dila Achmad;2 tahun lalu;Positif;pantai lombang;Pantainya cukup bersih dan pasirnya cukup lembut tuk bejemur badan
Mengejar Matahari;2 tahun lalu;Positif;pantai lombang;Jauh jauh ke pantai Lombang,ternyata tutup ??????, haduch eman banget …
achmad edy;2 tahun lalu;Positif;pantai lombang;Jalan masuknya tolong di perbaiki ya,,dan tempat toiletnya agak sulit cari toilet disini pas sore hari terutama
AHMAD KHANDIK;2 tahun lalu;Positif;pantai lombang;Tempat yang cocok untuk liburan bersama keluarga.
Fitari;2 tahun lalu;Positif;pantai lombang;Pantai yg sll menawarkan keindahan alami
Taufan 27;2 tahun lalu;Positif;pantai lombang;"Lumayan buat istirahat
Pas di sana msh banyak yg di renovasi lagi tempatnya"
Tanti Lestarini;2 tahun lalu;Positif;pantai lombang;Menuju spot pantai agak lumayan jauh dari gate masuk. Ada beberapa penjual makanan di dalam. Semoga kebersihan lingkungan sekitar pantai bisa tingkatkan lagi supaya makin banyak pengunjung.
mahalia R;2 tahun lalu;Positif;pantai lombang;Lebih bersih, ada spot fotonya juga, dan yang paling disuka rindang sih, kl untuk makanan banyak yang jual
ainur sdrj;2 tahun lalu;Positif;pantai lombang;Tempat bagus bersih ciri khasnya banyak pohon cemara
Fitri;2 tahun lalu;Positif;pantai lombang;Pantainya keren, trus view nya lumayan bagus, tp ombaknya ngerii, jdi jngn terlalu ke tengah?? …
Ceravina Susanti;2 tahun lalu;Positif;pantai lombang;Pasirnya halus, cocok bagi pecinta bonsai khusus cemara udang
DIMAS RIKO;2 tahun lalu;Positif;pantai lombang;Oemandangannya bagus tapi sayangnya tidak ada tempat oenginapan
iYoenz Taro;2 tahun lalu;Positif;pantai lombang;Pantai yang sangat indah dan mempesona..?????? …
Karina taiga;2 tahun lalu;Positif;pantai lombang;Sangat bagus sekali pantainya???????? …
Febbry Thevista013;2 tahun lalu;Positif;pantai lombang;"Pantai lombang buka apa gak?
Selama hari raya
Mohon infonya"
indah Fatmawati;2 tahun lalu;Positif;pantai lombang;apakah masih ditutup atau sudah buka yah?
RISKA MANCUNG;2 tahun lalu;Positif;pantai lombang;Di kasih pengumuman dong kalau tutup udah jauh2 kecewa
nasrul irianto Zainuddin;2 tahun lalu;Positif;pantai lombang;Selama pandemi covid 19 pantai ini ditutup untuk umum
20-073 Syafiqurrahman;2 tahun lalu;Positif;pantai lombang;Tempatnya Bagus
Dewi Ratna;2 tahun lalu;Positif;pantai lombang;Bagus banget... dingin tempatnya....
Mufid Rosyadi;2 tahun lalu;Positif;pantai lombang;Wisata pantai pantura ujung timur madura.
Farhan Asykuriyadi;2 tahun lalu;Positif;pantai lombang;Keren banget pantainya ?? …
Ki Rebo;2 tahun lalu;Positif;pantai lombang;Pantai sejuk dan nyaman
Antok Murdiono;2 tahun lalu;Positif;pantai lombang;Mantab
Agus Saputra;2 tahun lalu;Positif;pantai lombang;Info agustus 2021 apakah buka??
Sholehudin;2 tahun lalu;Positif;pantai lombang;Apakah Pantai lombang buka ya
Habibi Moza;2 tahun lalu;Positif;pantai lombang;Pantai Asri penuh cemara
Rino Ino;2 tahun lalu;Positif;pantai lombang;Mantap...
Khairul Umam;2 tahun lalu;Positif;pantai lombang;Tempatnya indah nan asri
Nadyah Triasakti;2 tahun lalu;Positif;pantai lombang;Toiletny dong ditambahin
Bukhori channel;2 tahun lalu;Positif;pantai lombang;Mantap
Multi Grafika;2 tahun lalu;Positif;pantai lombang;Kerennnn
Leman Purba;2 tahun lalu;Positif;pantai lombang;rame
Andika BuncAzca;2 tahun lalu;Positif;pantai lombang;Rindu tempat ini
Didik Prayitno;2 tahun lalu;Positif;pantai lombang;Mantap
rizdhan official video;2 tahun lalu;Positif;pantai lombang;Rekomendasi
david budi;2 tahun lalu;Positif;pantai lombang;Tempatnya keren, lumayan bersih, cocok untuk bersantai di pantai
Diraf Back;2 tahun lalu;Positif;pantai lombang;aipz
Satria Wahyu F. (Satria);2 tahun lalu;Positif;pantai lombang;Sangat alami
Akbarz Keisha;2 tahun lalu;Positif;pantai lombang;Yang terbaik
lucifer guardian;2 tahun lalu;Positif;pantai lombang;Sumenep luar biasa
Abdul Malik;2 tahun lalu;Positif;pantai lombang;Mahkota
SIP Soetta;2 minggu lalu;Positif;pantai lombang;Tak jauh beda dari tahun ketahun keindahannya
Team Kreatif daoen djeruk;2 bulan lalu;Positif;pantai lombang;Pantai yg indah, sebenarnya diatas ekspektasi kita juga ....karena pantai disini bersih tidak seberapa ramai, puas menikmati view laut, banyak pohon Cemara buat neduh, aman dong meskipun panas...kalo yang ngebayangin Madura gimana....ini …
Samsul Huda;11 bulan lalu;Positif;pantai lombang;Tiket masuk 5K per orang, parkir mobil 10K, Pantai bersih dan luas, weekday lumayan sepi, ada naik kuda, banyak gazebo buat duduk santai
sri widiyaningsih;10 bulan lalu;Positif;pantai lombang;Pantainya bagus tapi sayang banyak sampah bekas pampers, plastik dll, akses masuk jg msh jelek kurang tertata. Sayang sekali.
